Position,Points,Name,Known.For,Birth.Date
1,174697,Brad Pitt,Ad Astra,18/12/1963
2,169322,Morgan Freeman,Invictus,01/06/1937
3,165028,Leonardo DiCaprio,Inception,11/11/1974
4,151313,Robert De Niro,Raging Bull,17/08/1943
5,140716,Matt Damon,Good Will Hunting,08/10/1970
6,137003,Michael Caine,The Dark Knight,14/03/1933
7,126932,Christian Bale,The Dark Knight,30/01/1974
8,119774,Tom Hanks,Cast Away,09/07/1956
9,112643,Gary Oldman,The Dark Knight,21/03/1958
10,106454,Al Pacino,Serpico,25/04/1940
11,97268,Bruce Willis,Die Hard,19/03/1955
12,90851,Edward Norton,Fight Club,18/08/1969
13,88197,Harrison Ford,Raiders of the Lost Ark,13/07/1942
14,84624,Johnny Depp,Sweeney Todd: The Demon Barber of Fleet Street,09/06/1963
15,79799,Cillian Murphy,28 Days Later...,25/05/1976
16,79279,Philip Seymour Hoffman,The Master,23/07/1967
17,78876,Samuel L. Jackson,Pulp Fiction,21/12/1948
18,77799,Ralph Fiennes,The Grand Budapest Hotel,22/12/1962
19,73563,Kevin Spacey,The Usual Suspects,26/07/1959
20,72957,Tom Hardy,Inception,15/09/1977
21,72904,Jack Nicholson,Chinatown,22/04/1937
22,71430,Woody Harrelson,True Detective,23/07/1961
23,69889,Tom Cruise,Top Gun,03/07/1962
24,66238,Robert Duvall,The Apostle,05/01/1931
25,63982,Ryan Gosling,Blue Valentine,12/11/1980
26,63650,Russell Crowe,Les Misérables,07/04/1964
27,62922,Liam Neeson,Kinsey,07/06/1952
28,62549,Steve Buscemi,Fargo,13/12/1957
29,62972,Jake Gyllenhaal,Nightcrawler,19/12/1980
30,61094,Joseph Gordon-Levitt,Inception,17/02/1981
31,60975,Mark Ruffalo,Spotlight,22/11/1967
32,60431,Harvey Keitel,Reservoir Dogs,13/05/1939
33,60383,Denzel Washington,Fences,28/12/1954
34,60087,George Clooney,The Ides of March,06/05/1961
35,58148,Bradley Cooper,A Star Is Born,05/01/1975
36,57041,Hugo Weaving,The Lord of the Rings: The Return of the King,04/04/1960
37,55794,Jude Law,The Talented Mr. Ripley,29/12/1972
38,55367,Clint Eastwood,Million Dollar Baby,31/05/1930
39,54943,Joaquin Phoenix,Her,28/10/1974
40,54670,Casey Affleck,Gone Baby Gone,12/08/1975
41,53209,Matthew McConaughey,Dallas Buyers Club,04/11/1969
42,52954,Tim Robbins,Mystic River,16/10/1958
43,52909,Keanu Reeves,The Matrix,02/09/1964
44,51974,Ed Harris,The Truman Show,28/11/1950
45,51803,John Carroll Lynch,The Founder,01/08/1963
46,51617,Tom Wilkinson,Michael Clayton,05/02/1948
47,51423,Ben Kingsley,Sexy Beast,31/12/1943
48,49911,Willem Dafoe,Spider-Man,22/07/1955
49,49176,John Hurt,Nineteen Eighty-Four,22/01/1940
50,49039,John Cazale,Dog Day Afternoon,12/08/1935
51,48983,Barry Pepper,'Saving Private Ryan': Boot Camp,04/04/1970
52,48591,Ben Affleck,Argo,15/08/1972
53,46997,Jared Leto,Dallas Buyers Club,26/12/1971
54,46579,Stanley Tucci,Big Night,11/11/1960
55,46571,Laurence Fishburne,The Matrix,30/07/1961
56,46163,Daniel Craig,Casino Royale,02/03/1968
57,46073,Bill Murray,Lost in Translation,21/09/1950
58,45674,Christoph Waltz,Django Unchained,04/10/1956
59,44975,Dustin Hoffman,The Graduate,08/08/1937
60,44924,Donald Sutherland,The Hunger Games: Catching Fire,17/07/1935
61,44850,Tim Roth,Rob Roy,14/05/1961
62,44814,Ian Holm,The Lord of the Rings: The Return of the King,12/09/1931
63,44481,Michael Fassbender,Shame,02/04/1977
64,44409,Heath Ledger,Brokeback Mountain,04/04/1979
65,44096,Paul Giamatti,Sideways,06/06/1967
66,44041,Orlando Bloom,The Lord of the Rings: The Fellowship of the Ring,13/01/1977
67,43931,Alec Baldwin,The Departed,03/04/1958
68,43787,Michael Madsen,The Hateful Eight,25/09/1957
69,43522,Ken Watanabe,The Last Samurai,21/10/1959
70,43278,Pete Postlethwaite,The Usual Suspects,07/02/1946
71,43212,Martin Sheen,The Departed,03/08/1940
72,42962,Guy Pearce,Memento,05/10/1967
73,42916,Jamie Foxx,Ray,13/12/1967
74,42828,Anthony Hopkins,The Silence of the Lambs,31/12/1937
75,42680,Chiwetel Ejiofor,12 Years a Slave,10/07/1977
76,42070,Will Smith,The Fresh Prince of Bel-Air,25/09/1968
77,41906,Alan Rickman,Die Hard,21/02/1946
78,41857,Geoffrey Rush,The King's Speech,06/07/1951
79,41464,Joe Pesci,Goodfellas,09/02/1943
80,41279,Brendan Gleeson,Calvary,29/03/1955
81,41149,Mark Wahlberg,The Fighter,05/06/1971
82,40666,Ethan Hawke,Training Day,06/11/1970
83,39805,John Goodman,10 Cloverfield Lane,20/06/1952
84,39750,Max von Sydow,Flash Gordon,10/04/1929
85,39683,Christopher Lloyd,Back to the Future,22/10/1938
86,39094,Christopher Plummer,Beginners,13/12/1929
87,38644,Benedict Cumberbatch,The Imitation Game,19/07/1976
88,38601,Michael Shannon,Take Shelter,07/08/1974
89,37963,Mykelti Williamson,Forrest Gump,04/03/1957
90,37891,Robin Williams,Mrs. Doubtfire,21/07/1951
91,37869,Marlon Brando,Apocalypse Now,03/04/1924
92,37869,Adrien Brody,The Pianist,14/04/1973
93,37792,Paul Dano,There Will Be Blood,19/06/1984
94,37576,Stellan Skarsgård,Good Will Hunting,13/06/1951
95,37418,Don Cheadle,Crash,29/11/1964
96,37218,Owen Wilson,The Royal Tenenbaums,18/11/1968
97,37180,Daniel Brühl,Rush,16/06/1978
98,36780,Benicio Del Toro,Sicario,19/02/1967
99,36442,Jeremy Renner,The Hurt Locker,07/01/1971
100,36291,Harry Dean Stanton,Alien,14/07/1926
101,36265,Robert Downey Jr.,Iron Man,04/04/1965
102,36156,Aaron Eckhart,The Dark Knight,12/03/1968
103,35670,Bruce Dern,Nebraska,04/06/1936
104,35510,Richard Harris,Unforgiven,01/10/1930
105,35406,Zach Galifianakis,The Hangover,01/10/1969
106,35387,Kyle Chandler,Super 8,17/09/1965
107,35216,Sam Rockwell,Moon,05/11/1968
108,34900,Colin Farrell,The Lobster,31/05/1976
109,34838,Tom Sizemore,Saving Private Ryan,29/11/1961
110,34227,Jim Carrey,Eternal Sunshine of the Spotless Mind,17/01/1962
111,34178,John Travolta,Pulp Fiction,18/02/1954
112,34116,Elliott Gould,M*A*S*H,29/08/1938
113,33688,Danny DeVito,Matilda,17/11/1944
114,33663,Sean Connery,Dr. No,25/08/1930
115,33539,Javier Bardem,Skyfall,01/03/1969
116,33362,Ewan McGregor,Moulin Rouge!,31/03/1971
117,33206,Mahershala Ali,House of Cards,16/02/1974
118,32827,Jonathan Pryce,The Two Popes,01/06/1947
119,32696,John C. Reilly,Chicago,24/05/1965
120,32491,Forest Whitaker,The Last King of Scotland,15/07/1961
121,32217,Josh Hutcherson,The Hunger Games,12/10/1992
122,32083,Josh Brolin,Avengers: Endgame,12/02/1968
123,31912,Sean Penn,Mystic River,17/08/1960
124,31471,Jonah Hill,21 Jump Street,20/12/1983
125,31054,Mark Hamill,Star Wars,25/09/1951
126,30854,Michael Stuhlbarg,A Serious Man,05/07/1968
127,30841,Colin Firth,A Single Man,10/09/1960
128,30707,Jean Reno,Léon,30/07/1948
129,30704,Liam Hemsworth,The Hunger Games,13/01/1990
130,30683,Matthew Modine,Full Metal Jacket,22/03/1959
131,30471,Gary Sinise,Forrest Gump,17/03/1955
132,30399,William H. Macy,Fargo,13/03/1950
133,30311,Jeffrey Wright,The French Dispatch,07/12/1965
134,30256,Sterling Hayden,Dr. Strangelove or: How I Learned to Stop Worrying and Love the Bomb,26/03/1916
135,29945,Hugh Jackman,Les Misérables,12/10/1968
136,29869,Viggo Mortensen,The Lord of the Rings: The Return of the King,20/10/1958
137,29786,Timothy Spall,Mr. Turner,27/02/1957
138,29732,Franco Nero,John Wick: Chapter 2,23/11/1941
139,29673,David Oyelowo,Selma,01/04/1976
140,29623,Ving Rhames,Pulp Fiction,12/05/1959
141,29255,Ben Whishaw,The Lobster,14/10/1980
142,29229,David Strathairn,"Good Night, and Good Luck.",26/01/1949
143,29135,John Cleese,A Fish Called Wanda,27/10/1939
144,28981,Giovanni Ribisi,Boiler Room,17/12/1974
145,28981,Michael Keaton,Birdman or (The Unexpected Virtue of Ignorance),05/09/1951
146,28927,Elijah Wood,The Lord of the Rings: The Fellowship of the Ring,28/01/1981
147,28821,Don Johnson,Miami Vice,15/12/1949
148,28789,Domhnall Gleeson,Frank,12/05/1983
149,28737,Christopher Walken,The Deer Hunter,31/03/1943
150,28721,Kevin Bacon,Footloose,08/07/1958
151,28628,Tommy Lee Jones,The Fugitive,15/09/1946
152,28323,Tom Berenger,Inception,31/05/1949
153,28131,Jeff Daniels,The Squid and the Whale,19/02/1955
154,27692,Ray Liotta,Goodfellas,18/12/1954
155,27299,Michael J. Fox,Back to the Future,09/06/1961
156,27206,James Caan,The Godfather,26/03/1940
157,27016,Michael Sheen,Masters of Sex,05/02/1969
158,26949,Sam Shepard,August: Osage County,05/11/1943
159,26905,Gene Hackman,The French Connection,30/01/1930
160,26663,J.K. Simmons,Whiplash,09/01/1955
161,26047,Rutger Hauer,Hobo with a Shotgun,23/01/1944
162,25874,Kurt Russell,The Hateful Eight,17/03/1951
163,25868,Jon Voight,Midnight Cowboy,29/12/1938
164,25324,Alan Arkin,Argo,26/03/1934
165,25215,Val Kilmer,The Doors,31/12/1959
166,25155,Christian Berkel,The Man from U.N.C.L.E.,28/10/1957
167,24823,Bill Paxton,Aliens,17/05/1955
168,24265,Mel Gibson,Braveheart,03/01/1956
169,24198,Albert Finney,Erin Brockovich,09/05/1936
170,24113,John Malkovich,Being John Malkovich,09/12/1953
171,24039,James Stewart,Anatomy of a Murder,20/05/1908
172,23997,Andy Garcia,Ocean's Eleven,12/04/1956
173,23458,Simon Pegg,Shaun of the Dead,14/02/1970
174,23437,Nicolas Cage,Face/Off,07/01/1964
175,23300,Vincent Cassel,L'ennemi public n°1,23/11/1966
176,22887,Danny Aiello,Do the Right Thing,20/06/1933
177,22740,Terrence Howard,Crash,11/03/1969
178,22667,William Hurt,A History of Violence,20/03/1950
179,22548,John Lithgow,The World According to Garp,19/10/1945
180,22373,Steve Carell,The Office,16/08/1962
181,22331,Alec Guinness,The Bridge on the River Kwai,02/04/1914
182,22319,Clive Owen,Children of Men,03/10/1964
183,21773,Danny Huston,The Constant Gardener,14/05/1962
184,21744,John Turturro,Barton Fink,28/02/1957
185,21725,Richard Conte,The Godfather,24/03/1910
186,21672,Hugh Grant,Love Actually,09/09/1960
187,21640,Nick Nolte,Warrior,08/02/1941
188,21202,Jim Broadbent,Moulin Rouge!,24/05/1949
189,21190,Jeff Goldblum,Jurassic Park,22/10/1952
190,21157,Michael Nyqvist,John Wick,08/11/1960
191,21126,Joel Edgerton,The Gift,23/06/1974
192,20987,David Carradine,Kill Bill: Vol. 2,08/12/1936
193,20980,Kevin Costner,The Postman,18/01/1955
194,20893,Jason Statham,Crank,26/07/1967
195,20619,Emile Hirsch,Into the Wild,13/03/1985
196,20483,Daniel Radcliffe,Harry Potter and the Deathly Hallows - Part 2,23/07/1989
197,20483,Rupert Grint,Harry Potter and the Sorcerer's Stone,24/08/1988
198,20458,Shia LaBeouf,Honey Boy,11/06/1986
199,20415,John Hawkes,The Sessions,11/09/1959
200,20247,Christopher Lee,Star Wars: Episode II - Attack of the Clones,27/05/1922
201,20201,James Franco,Spring Breakers,19/04/1978
202,20074,Eric Bana,Dirty John,09/08/1968
203,19979,Daniel Day-Lewis,There Will Be Blood,29/04/1957
204,19922,Miles Teller,Whiplash,20/02/1987
205,19868,Haley Joel Osment,The Sixth Sense,10/04/1988
206,19851,Shea Whigham,Take Shelter,05/01/1969
207,19756,Gabriel Byrne,The Usual Suspects,12/05/1950
208,19734,Jeff Bridges,The Big Lebowski,04/12/1949
209,19718,Bryan Cranston,Breaking Bad,07/03/1956
210,19649,Topher Grace,In Good Company,12/07/1978
211,19619,Seth Rogen,This Is the End,15/04/1982
212,19603,Mark Rylance,Bridge of Spies,18/01/1960
213,19574,Ben Stiller,Zoolander,30/11/1965
214,19565,Hal Holbrook,Into the Wild,17/02/1925
215,19548,Rod Taylor,Inglourious Basterds,11/01/1930
216,19310,Jean Dujardin,The Artist,19/06/1972
217,19301,Oscar Isaac,Ex Machina,09/03/1979
218,19298,Ian McKellen,The Lord of the Rings: The Fellowship of the Ring,25/05/1939
219,19167,Chris Hemsworth,The Avengers,11/08/1983
220,19075,Chris Pratt,Guardians of the Galaxy,21/06/1979
221,18407,Michael Douglas,Behind the Candelabra,25/09/1944
222,18301,Jason Clarke,Zero Dark Thirty,17/07/1969
223,18206,Eli Wallach,"Il buono, il brutto, il cattivo",07/12/1915
224,18195,Mathieu Amalric,Le scaphandre et le papillon,25/10/1965
225,18120,David Hemmings,Blow-Up,18/11/1941
226,18110,Liev Schreiber,Spotlight,04/10/1967
227,17880,Pierce Brosnan,The World Is Not Enough,16/05/1953
228,17562,Rupert Graves,Sherlock,30/06/1963
229,17550,Jesper Christensen,Quantum of Solace,16/05/1948
230,17532,Michael Biehn,Aliens,31/07/1956
231,17243,Sam Worthington,Avatar,02/08/1976
232,17241,Thomas Kretschmann,King Kong,08/09/1962
233,17239,F. Murray Abraham,The Grand Budapest Hotel,24/10/1939
234,17231,Robert Pattinson,Twilight,13/05/1986
235,17199,Lee J. Cobb,12 Angry Men,08/12/1911
236,17103,Eli Roth,Cabin Fever,18/04/1972
237,17103,Til Schweiger,Inglourious Basterds,19/12/1963
238,17103,August Diehl,Inglourious Basterds,04/01/1976
239,17103,Alexander Fehling,Inglourious Basterds,29/03/1981
240,16981,Henry Fonda,12 Angry Men,16/05/1905
241,16736,Peter Sarsgaard,Shattered Glass,07/03/1971
242,16690,David Thewlis,Naked,20/03/1963
243,16511,James Woods,Vampires,18/04/1947
244,16342,Cuba Gooding Jr.,Jerry Maguire,02/01/1968
245,16208,Sebastian Koch,Das Leben der Anderen,31/05/1962
246,16090,Billy Bob Thornton,Sling Blade,04/08/1955
247,15694,Nick Frost,The World's End,28/03/1972
248,15616,Dev Patel,Slumdog Millionaire,23/04/1990
249,15573,Jesse Eisenberg,The Social Network,05/10/1983
250,15439,Patrick Swayze,Dirty Dancing,18/08/1952
251,15200,Greg Kinnear,As Good as It Gets,17/06/1963
252,15124,Vin Diesel,Guardians of the Galaxy,18/07/1967
253,15091,Alfred Molina,Spider-Man 2,24/05/1953
254,15020,Sharlto Copley,District 9,27/11/1973
255,15013,Eddie Redmayne,Les Misérables,06/01/1982
256,14998,Paul Newman,The Hustler,26/01/1925
257,14880,Matthew Goode,Stoker,03/04/1978
258,14860,Ed Helms,The Hangover,24/01/1974
259,14860,Justin Bartha,National Treasure,21/07/1978
260,14822,Robert Redford,The Natural,18/08/1936
261,14731,Tobey Maguire,Brothers,27/06/1975
262,14678,Kenneth Branagh,Henry V,10/12/1960
263,14661,Chris Evans,The Avengers,13/06/1981
264,14520,Sylvester Stallone,Rocky,06/07/1946
265,14481,Martin Balsam,All the President's Men,04/11/1919
266,14362,Claude Rains,Casablanca,1889-11-10
267,14240,Gael García Bernal,Mozart in the Jungle,30/11/1978
268,14227,Andrew Garfield,Hacksaw Ridge,20/08/1983
269,14118,Karl Markovics,Die Fälscher,29/08/1963
270,14055,Lee Van Cleef,Escape from New York,09/01/1925
271,14044,Humphrey Bogart,Casablanca,1899-12-25
272,14030,Adam Baldwin,Serenity,27/02/1962
273,13981,Richard Jenkins,The Shape of Water,04/05/1947
274,13533,Stephen Baldwin,The Usual Suspects,12/05/1966
275,13456,Bruno Ganz,Der Untergang,22/03/1941
276,13294,Justin Theroux,Mulholland Dr.,10/08/1971
277,13149,Jason Robards,All the President's Men,26/07/1922
278,13095,Djimon Hounsou,Blood Diamond,24/04/1964
279,13085,Oliver Reed,Gladiator,13/02/1938
280,12993,Billy Crudup,Almost Famous,08/07/1968
281,12935,Florian Lukas,Good Bye Lenin!,16/03/1973
282,12826,Tom Skerritt,Alien,25/08/1933
283,12767,Michael Peña,American Hustle,13/01/1976
284,12757,Jim Sturgess,21,16/05/1978
285,12706,Jim Caviezel,The Passion of the Christ,26/09/1968
286,12615,Jack Warden,...and justice for all.,18/09/1920
287,12476,Charles Chaplin,The Great Dictator,1889-04-16
288,12445,James McAvoy,Filth,21/04/1979
289,12284,Channing Tatum,21 Jump Street,26/04/1980
290,12223,Roberto Benigni,La vita è bella,27/10/1952
291,12154,Richard Dreyfuss,The Goodbye Girl,29/10/1947
292,12154,James D'Arcy,Cloud Atlas,24/08/1975
293,11989,Malcolm McDowell,A Clockwork Orange,13/06/1943
294,11962,Peter Lorre,M - Eine Stadt sucht einen Mörder,26/06/1904
295,11849,Armin Mueller-Stahl,Eastern Promises,17/12/1930
296,11783,Bill Pullman,Independence Day,17/12/1953
297,11720,James Garner,The Notebook,07/04/1928
298,11697,Robert Shaw,A Man for All Seasons,09/08/1927
299,11627,Thomas Mitchell,Stagecoach,1892-07-11
300,11420,William Atherton,Die Hard,30/07/1947
301,11374,Dan Aykroyd,Ghostbusters,01/07/1952
302,11371,Giancarlo Giannini,Quantum of Solace,01/08/1942
303,11306,Diego Luna,Rogue One,29/12/1979
304,11240,Gregory Peck,To Kill a Mockingbird,05/04/1916
305,11209,Roy Scheider,Jaws,10/11/1932
306,11180,Mickey Rourke,Sin City,16/09/1952
307,11167,Danny Glover,Lethal Weapon,22/07/1946
308,11140,Dave Franco,Neighbors,12/06/1985
309,11113,Aksel Hennie,Max Manus,29/10/1975
310,11088,Richard Gere,Chicago,31/08/1949
311,11029,François Cluzet,Intouchables,21/09/1955
312,10978,Dennis Quaid,Far from Heaven,09/04/1954
313,10930,Cary Grant,Charade,18/01/1904
314,10902,James Gandolfini,The Sopranos,18/09/1961
315,10900,Frank Langella,Frost/Nixon,01/01/1938
316,10900,Nicholas Hoult,About a Boy,07/12/1989
317,10871,Matthew Macfadyen,Succession,17/10/1974
318,10856,Burghart Klaußner,Die fetten Jahre sind vorbei,13/09/1949
319,10767,Jamie Bell,Billy Elliot,14/03/1986
320,10752,Dennis Hopper,Easy Rider,17/05/1936
321,10734,Jürgen Prochnow,Das Boot,10/06/1941
322,10706,Neil Patrick Harris,How I Met Your Mother,15/06/1973
323,10696,Timothée Chalamet,Call Me by Your Name,27/12/1995
324,10685,Armie Hammer,The Social Network,28/08/1986
325,10441,Mads Mikkelsen,Hannibal,22/11/1965
326,10306,Sam Neill,Jurassic Park,14/09/1947
327,10299,Omar Sy,Intouchables,20/01/1978
328,10289,Peter Sellers,Being There,08/09/1925
329,10278,William Holden,Stalag 17,17/04/1918
330,10223,Gérard Depardieu,Cyrano de Bergerac,27/12/1948
331,10163,Leonard Nimoy,Star Trek IV: The Voyage Home,26/03/1931
332,10084,Patrick Wilson,The Phantom of the Opera,03/07/1973
333,10059,Horst Buchholz,La vita è bella,04/12/1933
334,10041,Josh Hartnett,Lucky Number Slevin,21/07/1978
335,9930,Woody Allen,Manhattan,30/11/1935
336,9917,Jack Black,School of Rock,28/08/1969
337,9818,Orson Welles,Citizen Kane,06/05/1915
338,9818,Adam Driver,Star Wars: Episode VII - The Force Awakens,19/11/1983
339,9796,Peter O'Toole,Lawrence of Arabia,02/08/1932
340,9728,Anthony Perkins,Psycho,04/04/1932
341,9705,Takashi Shimura,Shichinin no samurai,12/03/1905
342,9677,John Cusack,Grosse Pointe Blank,28/06/1966
343,9674,Matt Dillon,There's Something About Mary,18/02/1964
344,9641,Charles Bronson,C'era una volta il West,03/11/1921
345,9624,Treat Williams,Deep Rising,01/12/1951
346,9591,Jack Lemmon,The Apartment,08/02/1925
347,9497,Ashton Kutcher,That '70s Show,07/02/1978
348,9378,Chris Pine,Star Trek,26/08/1980
349,9378,Zachary Quinto,Star Trek,02/06/1977
350,9378,Eric Bana,Dirty John,09/08/1968
351,9378,Bruce Greenwood,Star Trek,12/08/1956
352,9378,Anton Yelchin,Star Trek,11/03/1989
353,9330,George C. Scott,Patton,18/10/1927
354,9321,Song Kang-ho,Salinui chueok,17/01/1967
355,9321,Lee Sun-kyun,Gisaengchung,02/03/1975
356,9321,Choi Woo-sik,Gisaengchung,26/03/1990
357,9298,Joseph Cotten,The Third Man,15/05/1905
358,9297,Jeremy Irons,Dead Ringers,19/09/1948
359,9248,Toshirô Mifune,Yôjinbô,01/04/1920
360,9219,Griffin Dunne,After Hours,08/06/1955
361,9209,Arnold Schwarzenegger,Terminator 2: Judgment Day,30/07/1947
362,9044,LaKeith Stanfield,Sorry to Bother You,12/08/1991
363,9028,Dermot Mulroney,My Best Friend's Wedding,31/10/1963
364,8944,Theo James,Divergent,16/12/1984
365,8944,Ansel Elgort,The Fault in Our Stars,14/03/1994
366,8937,George MacKay,1917,13/03/1992
367,8878,Sergi López,El laberinto del fauno,22/12/1965
368,8843,Charlton Heston,Ben-Hur,04/10/1923
369,8771,Rhys Ifans,The Amazing Spider-Man,22/07/1967
370,8727,Dennis Haysbert,Far from Heaven,02/06/1954
371,8699,Alan Alda,M*A*S*H,28/01/1936
372,8633,Irrfan Khan,The Lunchbox,07/01/1967
373,8582,Timothy Hutton,Ordinary People,16/08/1960
374,8507,Christian Slater,Very Bad Things,18/08/1969
375,8308,John Gielgud,Arthur,14/04/1904
376,8154,Tom Hiddleston,The Avengers,09/02/1981
377,8147,Moritz Bleibtreu,Knockin' on Heaven's Door,13/08/1971
378,8056,Charlie Sheen,Two and a Half Men,03/09/1965
379,8054,Jonathan Rhys Meyers,Den 12. mann,27/07/1977
380,8045,Suraj Sharma,Life of Pi,21/03/1993
381,7929,John Savage,The Last Full Measure,
382,7920,Barry Keoghan,The Killing of a Sacred Deer,18/10/1992
383,7804,Ryan Reynolds,Deadpool 2,23/10/1976
384,7790,Kiefer Sutherland,24,21/12/1966
385,7768,Conrad Veidt,Casablanca,1893-01-22
386,7660,Demián Bichir,The Hateful Eight,01/08/1963
387,7631,Lucas Hedges,"Three Billboards Outside Ebbing, Missouri",12/12/1996
388,7592,Matthias Habich,Enemy at the Gates,12/01/1940
389,7571,Sacha Baron Cohen,Borat: Cultural Learnings of America for Make Benefit Glorious Nation of Kazakhstan,13/10/1971
390,7540,Joseph Fiennes,Shakespeare in Love,27/05/1970
391,7394,Timothy Dalton,The Living Daylights,21/03/1946
392,7331,Adam Sandler,The Waterboy,09/09/1966
393,7252,Mandy Patinkin,Homeland,30/11/1952
394,7161,Ulrich Thomsen,Festen,06/12/1963
395,7153,Tómas Lemarquis,Blade Runner 2049,03/08/1977
396,7149,Donald Pleasence,Halloween II,05/10/1919
397,6994,Himesh Patel,Yesterday,13/10/1990
398,6964,Isaach De Bankolé,Casino Royale,12/08/1957
399,6962,Gerard Butler,300,13/11/1969
400,6954,Rod Steiger,In the Heat of the Night,14/04/1925
401,6931,Paul Henreid,Casablanca,10/01/1908
402,6898,Aidan Quinn,Practical Magic,08/03/1959
403,6881,Jack Thompson,'Breaker' Morant,31/08/1940
404,6872,Antonio Banderas,The Mask of Zorro,10/08/1960
405,6842,Fares Fares,Kvinden i buret,29/04/1973
406,6807,Justin Timberlake,Trolls,31/01/1981
407,6776,Logan Lerman,The Perks of Being a Wallflower,19/01/1992
408,6716,Noah Segan,Knives Out,05/10/1983
409,6672,Ulrich Tukur,Das Leben der Anderen,29/07/1957
410,6650,Tony Chiu-Wai Leung,Fa yeung nin wah,27/06/1962
411,6601,Choi Min-sik,Oldeuboi,22/01/1962
412,6601,Yoo Ji-tae,Oldeuboi,13/04/1976
413,6581,Rami Malek,Bohemian Rhapsody,12/05/1981
414,6512,Pruitt Taylor Vince,Identity,05/07/1960
415,6356,Rupert Friend,Hitman: Agent 47,01/10/1981
416,6310,Bob Hoskins,The Long Good Friday,26/10/1942
417,6299,Steve McQueen,The Great Escape,24/03/1930
418,6284,Song Kang-ho,Salinui chueok,17/01/1967
419,6211,Kevin Kline,Wild Wild West,24/10/1947
420,6049,James Mason,Lolita,15/05/1909
421,5924,Rob Morgan,Mudbound,24/02/1973
422,5924,Tyler Perry,Diary of a Mad Black Woman,14/09/1969
423,5878,Ricardo Darín,El secreto de sus ojos,16/01/1957
424,5827,Anthony Quinn,Alexis Zorbas,21/04/1915
425,5808,Billy Crystal,Forget Paris,14/03/1948
426,5768,Matthias Schoenaerts,De rouille et d'os,08/12/1977
427,5737,Clark Gable,It Happened One Night,01/02/1901
428,5645,Gunnar Björnstrand,Det sjunde inseglet,13/11/1909
429,5642,Lionel Barrymore,You Can't Take It with You,1878-04-28
430,5601,Ulrich Mühe,Das Leben der Anderen,20/06/1953
431,5592,River Phoenix,My Own Private Idaho,23/08/1970
432,5556,Aaron Taylor-Johnson,Nocturnal Animals,13/06/1990
433,5509,Michael Pitt,The Dreamers,10/04/1981
434,5503,Michael Lonsdale,The Day of the Jackal,24/05/1931
435,5380,Eddie Murphy,The Nutty Professor,03/04/1961
436,5378,Marton Csokas,The Amazing Spider-Man 2,30/06/1966
437,5354,Thomas Bo Larsen,Jagten,27/11/1963
438,5349,Gene Wilder,Willy Wonka & the Chocolate Factory,11/06/1933
439,5293,James Spader,The Blacklist,07/02/1960
440,5245,Laurence Olivier,Sleuth,22/05/1907
441,5142,Ben Gazzara,Road House,28/08/1930
442,5118,Pilou Asbæk,Ghost in the Shell,02/03/1982
443,5117,Riccardo Scamarcio,John Wick: Chapter 2,13/11/1979
444,5077,David Kross,The Reader,04/07/1990
445,5069,Alden Ehrenreich,"Hail, Caesar!",22/11/1989
446,5068,Gian Maria Volontè,Per un pugno di dollari,09/04/1933
447,5047,Macaulay Culkin,Home Alone,26/08/1980
448,5045,Emilio Estevez,The Way,12/05/1962
449,5041,Robert Mitchum,Out of the Past,06/08/1917
450,5027,Martin Landau,Ed Wood,20/06/1928
451,5018,Jack Palance,Shane,18/02/1919
452,5018,Michael Ealy,Barbershop,03/08/1973
453,4925,Cary Elwes,Saw,26/10/1962
454,4925,Chris Sarandon,The Nightmare Before Christmas,24/07/1942
455,4843,Roger Moore,Moonraker,14/10/1927
456,4810,Taylor Kitsch,X-Men Origins: Wolverine,08/04/1981
457,4794,James Coburn,Charade,31/08/1928
458,4779,Karl Malden,On the Waterfront,22/03/1912
459,4764,Ben Foster,Hell or High Water,29/10/1980
460,4753,Peter Coyote,Bitter Moon,10/10/1941
461,4734,Peter Fonda,Easy Rider,23/02/1940
462,4689,Niels Arestrup,Un prophète,08/02/1949
463,4684,John Candy,"Planes, Trains & Automobiles",31/10/1950
464,4620,Shahab Hosseini,Forushande,03/02/1974
465,4610,Heino Ferch,Der Untergang,18/08/1963
466,4608,Anatoliy Solonitsyn,Stalker,30/08/1934
467,4601,Steve Coogan,Philomena,14/10/1965
468,4597,Fred MacMurray,Double Indemnity,30/08/1908
469,4558,Omar Sharif,Lawrence of Arabia,10/04/1932
470,4538,Leslie Howard,Pygmalion,1893-04-03
471,4533,Nikolaj Coster-Waldau,Game of Thrones,27/07/1970
472,4453,John Wayne,True Grit,26/05/1907
473,4451,Ralph Macchio,The Karate Kid Part III,04/11/1961
474,4445,Charlie Hunnam,Sons of Anarchy,10/04/1980
475,4400,Sebastian Stan,Captain America: The Winter Soldier,13/08/1982
476,4338,John David Washington,Tenet,28/07/1984
477,4310,Michael Cera,Scott Pilgrim vs. the World,07/06/1988
478,4310,Kieran Culkin,Succession,30/09/1982
479,4282,Kirk Douglas,Spartacus,09/12/1916
480,4256,Chow Yun-Fat,Wo hu cang long,18/05/1955
481,4194,Will Ferrell,Talladega Nights: The Ballad of Ricky Bobby,16/07/1967
482,4188,Burt Reynolds,Boogie Nights,11/02/1936
483,4108,Ulrich Matthes,Der Untergang,09/05/1959
484,4108,Ulrich Noethen,Der Untergang,18/11/1959
485,4093,Otto Sander,Der Himmel über Berlin,30/06/1941
486,4087,Merab Ninidze,McMafia,03/11/1965
487,4045,Rufus Sewell,Dark City,29/10/1967
488,4043,Michael York,Logan's Run,27/03/1942
489,4006,Dominic West,The Wire,15/10/1969
490,3994,Robert Wagner,The Towering Inferno,10/02/1930
491,3982,Ernest Borgnine,Marty,24/01/1917
492,3980,Kyle MacLachlan,Twin Peaks,22/02/1959
493,3965,Ron Livingston,The Conjuring,05/06/1967
494,3913,Trevante Rhodes,Moonlight,10/02/1990
495,3902,Tom Hulce,Amadeus,06/12/1953
496,3900,Ryan Phillippe,Gosford Park,10/09/1974
497,3899,Stipe Erceg,Die fetten Jahre sind vorbei,30/10/1974
498,3898,Henry Cavill,Man of Steel,05/05/1983
499,3885,Edward G. Robinson,Double Indemnity,1893-12-12
500,3876,Sam Riley,Control,08/01/1980
501,3839,Beau Bridges,The Fabulous Baker Boys,09/12/1941
502,3788,John Cassavetes,Love Streams,09/12/1929
503,3774,Tony Curtis,Some Like It Hot,03/06/1925
504,3774,George Raft,Some Like It Hot,26/09/1901
505,3678,Terence Stamp,The Limey,22/07/1938
506,3636,Bud Cort,Harold and Maude,29/03/1948
507,3516,Chris O'Donnell,Batman & Robin,26/06/1970
508,3480,Alexander Skarsgård,The Legend of Tarzan,25/08/1976
509,3440,Philippe Noiret,Nuovo Cinema Paradiso,01/10/1930
510,3439,Edgar Ramírez,Gold,25/03/1977
511,3393,Jose Coronado,El cuerpo,14/08/1957
512,3348,Richard Farnsworth,The Straight Story,01/09/1920
513,3341,Gene Kelly,Singin' in the Rain,23/08/1912
514,3341,Donald O'Connor,Singin' in the Rain,28/08/1925
515,3323,Daniel Olbrychski,Salt,27/02/1945
516,3323,August Diehl,Inglourious Basterds,04/01/1976
517,3316,Nick Stahl,Sin City,05/12/1979
518,3309,George Sanders,All About Eve,03/07/1906
519,3291,Aamir Khan,Taare Zameen Par,14/03/1965
520,3268,Farley Granger,Strangers on a Train,01/07/1925
521,3144,Charles Laughton,Witness for the Prosecution,1899-07-01
522,3126,Ryan O'Neal,Love Story,20/04/1941
523,3058,Dominic Cooper,The Devil's Double,02/06/1978
524,3038,George Kennedy,Cool Hand Luke,18/02/1925
525,3003,O'Shea Jackson Jr.,Straight Outta Compton,24/02/1991
526,3003,Corey Hawkins,Straight Outta Compton,22/10/1988
527,3003,Jason Mitchell,Straight Outta Compton,05/01/1987
528,3001,Zach Braff,Garden State,06/04/1975
529,2991,Leonardo Sbaraglia,Dolor y gloria,30/06/1970
530,2988,Gert Fröbe,Goldfinger,25/02/1913
531,2965,Trevor Howard,The Third Man,29/09/1913
532,2963,Gustav Fröhlich,Metropolis,21/03/1902
533,2913,Brian Gleeson,Snow White and the Huntsman,14/11/1987
534,2891,Mickey Rooney,It's a Mad Mad Mad Mad World,23/09/1920
535,2827,Richard Burton,Who's Afraid of Virginia Woolf?,10/11/1925
536,2825,Charlie Hunnam,Sons of Anarchy,10/04/1980
537,2804,Tom Holland,Spider-Man: Homecoming,01/06/1996
538,2800,Vittorio Gassman,Il sorpasso,01/09/1922
539,2789,Sönke Möhring,Inglourious Basterds,12/10/1972
540,2788,Mike Myers,Austin Powers in Goldmember,25/05/1963
541,2778,Max Thieriot,The Pacifier,14/10/1988
542,2745,Julian Sands,A Room with a View,04/01/1958
543,2704,Tatsuya Nakadai,Seppuku,13/12/1932
544,2666,Adolphe Menjou,Paths of Glory,1890-02-18
545,2656,Marcello Mastroianni,La dolce vita,28/09/1924
546,2653,Robert Ryan,The Wild Bunch,11/11/1909
547,2641,Robert Hays,Airplane!,24/07/1947
548,2641,Leslie Nielsen,Airplane!,11/02/1926
549,2582,Hardy Krüger,A Bridge Too Far,12/04/1928
550,2577,Jean-Louis Trintignant,Amour,11/12/1930
551,2571,Matthew Broderick,The Producers,21/03/1962
552,2514,Javier Cámara,Hable con ella,19/01/1967
553,2509,Ray Milland,The Lost Weekend,03/01/1907
554,2492,Paul Bettany,WandaVision,27/05/1971
555,2463,Gustaf Skarsgård,Vikings,12/11/1980
556,2460,Mario Casas,Tres metros sobre el cielo,12/06/1986
557,2441,Patrick Dempsey,Grey's Anatomy,13/01/1966
558,2428,Elyas M'Barek,Fack ju Göhte,29/05/1982
559,2403,Jet Li,Huo Yuan Jia,26/04/1963
560,2386,Simon Russell Beale,The Death of Stalin,12/01/1961
561,2382,George Peppard,Breakfast at Tiffany's,01/10/1928
562,2366,Sidney Poitier,In the Heat of the Night,20/02/1927
563,2330,Eduardo Noriega,Vantage Point,01/08/1973
564,2319,Fernando Cayo,El orfanato,22/04/1968
565,2310,Simon Helberg,The Big Bang Theory,09/12/1980
566,2283,Yul Brynner,The King and I,11/07/1920
567,2265,Jesse Plemons,The Irishman,02/04/1988
568,2254,Jean-Pierre Cassel,Murder on the Orient Express,27/10/1932
569,2250,Fele Martínez,Tesis,22/02/1975
570,2245,Ha Jung-woo,Ah-ga-ssi,11/03/1978
571,2214,Michael Gwisdek,Der Baader Meinhof Komplex,14/01/1942
572,2207,Mikael Persbrandt,Hævnen,25/09/1963
573,2197,John Saxon,A Nightmare on Elm Street,05/08/1936
574,2197,Robert Englund,A Nightmare on Elm Street,06/06/1947
575,2172,Walter Matthau,The Odd Couple,01/10/1920
576,2155,Joel Grey,Cabaret,11/04/1932
577,2143,Jason Schwartzman,Rushmore,26/06/1980
578,2118,Daniel Giménez Cacho,Blancanieves,15/05/1961
579,2109,Peter Finch,Network,28/09/1916
580,2091,Sean Gullette,Pi,04/06/1968
581,2089,Steve Martin,Roxanne,14/08/1945
582,2068,Dane Cook,Good Luck Chuck,18/03/1972
583,2067,Darren McGavin,A Christmas Story,07/05/1922
584,2054,John Belushi,Saturday Night Live,24/01/1949
585,2050,Robbie Coltrane,Cracker,30/03/1950
586,2050,Ian Richardson,From Hell,07/04/1934
587,2050,Jason Flemyng,The Curious Case of Benjamin Button,25/09/1966
588,2038,Taron Egerton,Kingsman: The Secret Service,10/11/1989
589,2032,Pedro Pascal,The Mandalorian,02/04/1975
590,2022,Spencer Tracy,Judgment at Nuremberg,05/04/1900
591,2022,Tahar Rahim,Un prophète,04/07/1981
592,2012,Christopher Reeve,Superman,25/09/1952
593,1992,Robert Cummings,Dial M for Murder,09/06/1910
594,1976,Alex Sharp,The Trial of the Chicago 7,02/02/1989
595,1976,Sacha Baron Cohen,Borat: Cultural Learnings of America for Make Benefit Glorious Nation of Kazakhstan,13/10/1971
596,1944,Tim Blake Nelson,The Ballad of Buster Scruggs,11/05/1964
597,1932,Frederick Lau,Victoria,17/08/1989
598,1911,Chazz Palminteri,The Usual Suspects,15/05/1952
599,1911,Lillo Brancato,A Bronx Tale,30/03/1976
600,1905,Emory Cohen,Brooklyn,13/03/1990
601,1886,Lee Marvin,Paint Your Wagon,19/02/1924
602,1878,Ossie Davis,Do the Right Thing,18/12/1917
603,1861,Kim Sang-kyung,Salinui chueok,01/06/1972
604,1861,Roe-ha Kim,Salinui chueok,15/11/1965
605,1852,Anton Yelchin,Star Trek,11/03/1989
606,1841,Juan Minujín,The Two Popes,20/05/1975
607,1823,Luke Evans,Dracula Untold,15/04/1979
608,1785,Thomas Turgoose,This Is England,11/02/1992
609,1764,Robert Vaughn,The Magnificent Seven,22/11/1932
610,1757,Tom Schilling,Oh Boy,10/02/1982
611,1740,Andy Lau,Mou gaan dou,27/09/1961
612,1734,Peter Weller,RoboCop,24/06/1947
613,1723,James Dean,East of Eden,08/02/1931
614,1723,Glen Hansard,Once,21/04/1970
615,1722,Thomas Haden Church,Sideways,17/06/1960
616,1709,Timothy Bottoms,The Last Picture Show,30/08/1951
617,1695,Tom Hiddleston,The Avengers,09/02/1981
618,1683,Tim Curry,Congo,19/04/1946
619,1674,Bill Skarsgård,It,09/08/1990
620,1668,Jerry Lewis,The Nutty Professor,16/03/1926
621,1657,Romain Duris,De battre mon coeur s'est arrêté,28/05/1974
622,1650,Tony Shalhoub,Monk,09/10/1953
623,1637,Robert Walker,Strangers on a Train,13/10/1918
624,1632,Curd Jürgens,The Spy Who Loved Me,13/12/1915
625,1616,Peter Ustinov,Death on the Nile,16/04/1921
626,1612,Frank Sinatra,From Here to Eternity,12/12/1915
627,1600,Jackie Coogan,The Kid,26/10/1914
628,1580,Roddy Piper,They Live,17/04/1954
629,1576,Jeffrey Hunter,The Searchers,25/11/1926
630,1573,Ralph Richardson,Doctor Zhivago,19/12/1902
631,1555,Walter Huston,The Treasure of the Sierra Madre,1883-04-05
632,1551,Burt Lancaster,From Here to Eternity,02/11/1913
633,1551,Montgomery Clift,From Here to Eternity,17/10/1920
634,1541,Telly Savalas,Kojak,21/01/1922
635,1537,Idris Elba,Beasts of No Nation,06/09/1972
636,1528,Tyrone Power,Witness for the Prosecution,05/05/1914
637,1526,Predrag 'Miki' Manojlovic,Underground,05/04/1950
638,1524,Maximilian Schell,Judgment at Nuremberg,08/12/1930
639,1496,Boris Karloff,Bride of Frankenstein,1887-11-23
640,1493,Vincent D'Onofrio,Men in Black,30/06/1959
641,1493,Jon Bernthal,The Wolf of Wall Street,20/09/1976
642,1490,Greg Wise,Sense and Sensibility,15/05/1966
643,1489,Buster Keaton,The General,1895-10-04
644,1484,Fernando Rey,Tristana,20/09/1917
645,1469,Chadwick Boseman,Black Panther,29/11/1976
646,1450,Sam Waterston,The Killing Fields,15/11/1940
647,1446,Richard Widmark,Kiss of Death,26/12/1914
648,1427,Topol,Fiddler on the Roof,09/09/1935
649,1426,Delroy Lindo,Get Shorty,18/11/1952
650,1413,Raymond Massey,Arsenic and Old Lace,1896-08-30
651,1392,Dana Andrews,Laura,01/01/1909
652,1390,Kumail Nanjiani,The Big Sick,02/05/1978
653,1389,Gary Cooper,High Noon,07/05/1901
654,1389,Fernando Fernán Gómez,El abuelo,28/08/1921
655,1386,Klaus Kinski,Nosferatu: Phantom der Nacht,18/10/1926
656,1370,Louis Gossett Jr.,An Officer and a Gentleman,27/05/1936
657,1370,Shah Rukh Khan,Don 2,02/11/1965
658,1367,Paul Walter Hauser,"I, Tonya",15/10/1986
659,1365,Jack Carson,Cat on a Hot Tin Roof,27/10/1910
660,1365,John Gallagher Jr.,10 Cloverfield Lane,17/06/1984
661,1344,Paddy Considine,Dead Man's Shoes,05/09/1973
662,1332,Jürgen Vogel,Die Welle,29/04/1968
663,1332,Max Riemelt,Napola - Elite für den Führer,07/01/1984
664,1330,Warren Beatty,Reds,30/03/1937
665,1317,Kevin McCarthy,Invasion of the Body Snatchers,15/02/1914
666,1306,Ken Foree,Dawn of the Dead,29/02/1948
667,1305,Sebastian Urzendowsky,The Way Back,28/05/1985
668,1299,Jean-Pierre Léaud,Les quatre cents coups,28/05/1944
669,1298,Max Schreck,"Nosferatu, eine Symphonie des Grauens",1879-09-06
670,1287,Marwan Kenzari,Aladdin,16/01/1983
671,1280,Judd Hirsch,Independence Day,15/03/1935
672,1237,Donatas Banionis,Solyaris,28/04/1924
673,1228,David Niven,Murder by Death,01/03/1910
674,1222,Bruce Campbell,Bubba Ho-Tep,22/06/1958
675,1222,Dan Hicks,Darkman,19/07/1951
676,1219,Edward Arnold,You Can't Take It with You,1890-02-18
677,1219,Kris Kristofferson,Blade,22/06/1936
678,1214,Christopher Lambert,Mortal Kombat,29/03/1957
679,1200,Michael B. Jordan,Black Panther,09/02/1987
680,1175,George Segal,Who's Afraid of Virginia Woolf?,13/02/1934
681,1156,Om Puri,East Is East,18/10/1950
682,1156,Manish Dayal,The Hundred-Foot Journey,17/06/1983
683,1147,Charlie Plummer,Looking for Alaska,24/05/1999
684,1143,Kodi Smit-McPhee,Let Me In,13/06/1996
685,1137,Rupert Everett,My Best Friend's Wedding,29/05/1959
686,1123,James Norton,Little Women,18/07/1985
687,1122,Burl Ives,The Big Country,14/06/1909
688,1111,Matthew Rhys,A Beautiful Day in the Neighborhood,08/11/1974
689,1105,Michael Beck,The Warriors,04/02/1949
690,1102,Leo Fitzpatrick,Kids,10/08/1978
691,1102,Justin Pierce,Kids,21/03/1975
692,1093,Oskar Werner,Jules et Jim,13/11/1922
693,1085,Robin de Jesus,"tick, tick...BOOM!",21/08/1984
694,1082,Gaspard Ulliel,Un long dimanche de fiançailles,25/11/1984
695,1081,Dominique Pinon,Delicatessen,04/03/1955
696,1078,Dennis Dun,Big Trouble in Little China,19/04/1952
697,1075,John Corbett,My Big Fat Greek Wedding,09/05/1961
698,1073,Toni Servillo,La grande bellezza,25/01/1959
699,1059,Dan Stevens,Downton Abbey,10/10/1982
700,1054,Larry David,Curb Your Enthusiasm,02/07/1947
701,1039,Melvyn Douglas,Being There,05/04/1901
702,1030,Daniel Auteuil,Caché,24/01/1950
703,1027,John Lone,The Last Emperor,13/10/1952
704,1026,Nate Parker,The Birth of a Nation,18/11/1979
705,1026,Denzel Whitaker,The Great Debaters,15/06/1990
706,1011,Guillaume Canet,Jeux d'enfants,10/04/1973
707,984,Laurence Harvey,The Manchurian Candidate,01/10/1928
708,979,Paul Rudd,Ant-Man,06/04/1969
709,979,Craig Roberts,Submarine,21/01/1991
710,975,Jean-Paul Belmondo,Pierrot le fou,09/04/1933
711,975,Rex Harrison,My Fair Lady,05/03/1908
712,974,James Earl Jones,Rogue One,17/01/1931
713,972,Steve Martin,Roxanne,14/08/1945
714,967,Louis Garrel,The Dreamers,14/06/1983
715,964,Brad Davis,Midnight Express,06/11/1949
716,959,Matthew Fox,Bone Tomahawk,14/07/1966
717,955,Paul Meurisse,Les diaboliques,21/12/1912
718,945,Lily Franky,Manbiki kazoku,04/11/1963
719,933,Hugo Silva,El cuerpo,10/05/1977
720,927,Jim Brown,Mars Attacks!,17/02/1936
721,927,Rob Morrow,Northern Exposure,21/09/1962
722,926,Jun Kunimura,Kill Bill: Vol. 1,16/11/1955
723,921,Richard Basehart,Moby Dick,31/08/1914
724,908,Adarsh Gourav,The White Tiger,08/07/1994
725,908,Rajkummar Rao,Shahid,31/08/1984
726,906,Michael B. Jordan,Black Panther,09/02/1987
727,900,Federico Luppi,Cronos,23/02/1934
728,894,Luis Tosar,Celda 211,13/10/1971
729,889,Lazar Ristovski,Underground,26/10/1952
730,884,Giuseppe Battiston,Perfetti sconosciuti,22/07/1968
731,884,Marco Giallini,Perfetti sconosciuti,04/04/1963
732,877,Lew Ayres,Holiday,28/12/1908
733,871,William Baldwin,Backdraft,21/02/1963
734,869,Peter Falk,Columbo,16/09/1927
735,862,Stephan James,Race,16/12/1993
736,862,Taylor Kitsch,X-Men Origins: Wolverine,08/04/1981
737,861,Klaus Maria Brandauer,Out of Africa,22/06/1943
738,860,Tom Courtenay,45 Years,25/02/1937
739,860,William Petersen,CSI: Crime Scene Investigation,21/02/1953
740,840,Nigel Hawthorne,The Madness of King George,05/04/1929
741,837,Werner Krauss,Das Cabinet des Dr. Caligari,1884-06-23
742,830,Aras Bulut Iynemli,Çukur,25/08/1990
743,828,James Frecheville,Black '47,03/05/1991
744,819,Jonathan Majors,Lovecraft Country,07/09/1989
745,818,Dean Martin,The Dean Martin Show,07/06/1917
746,817,Ulrich Mühe,Das Leben der Anderen,20/06/1953
747,814,Yutaka Matsushige,Shinobi,19/01/1963
748,808,Fredric March,Dr. Jekyll and Mr. Hyde,1897-08-31
749,808,George O'Brien,Sunrise: A Song of Two Humans,1899-04-19
750,799,Samuel Le Bihan,Le pacte des loups,02/11/1965
751,799,Jérémie Renier,In Bruges,06/01/1981
752,792,Paul Scofield,A Man for All Seasons,21/01/1922
753,789,Dennis Weaver,Touch of Evil,04/06/1924
754,785,Gastón Pauls,Nueve reinas,17/01/1972
755,760,Zbigniew Zamachowski,Trois couleurs: Blanc,17/07/1961
756,760,Janusz Gajos,Trois couleurs: Blanc,23/09/1939
757,760,Jerzy Stuhr,Historie milosne,18/04/1947
758,756,Udo Kier,Hunters,
759,738,Bruce Davison,X-Men,28/06/1946
760,738,Fred Ward,Short Cuts,30/12/1942
761,738,Chris Penn,Reservoir Dogs,10/10/1965
762,738,Peter Gallagher,American Beauty,19/08/1955
763,732,Helmut Griem,Cabaret,06/04/1932
764,730,Jean Rochefort,L'homme du train,29/04/1930
765,729,Kim Yoon-seok,Chugyeokja,21/01/1968
766,728,Herbert Lom,The Pink Panther Strikes Again,11/09/1917
767,727,Hidetoshi Nishijima,Doraibu mai kâ,29/03/1971
768,714,Antoine Olivier Pilon,Mommy,23/06/1997
769,713,David Warner,Star Trek VI: The Undiscovered Country,29/07/1941
770,711,Chishû Ryû,Tôkyô monogatari,13/05/1904
771,709,David Keith,An Officer and a Gentleman,08/05/1954
772,706,The Marx Brothers,Duck Soup,
773,700,Paul Hogan,Crocodile Dundee,08/10/1939
774,695,Jakob Cedergren,Den skyldige,10/01/1973
775,695,Hee Jae,Bin-jip,25/05/1980
776,683,Michael Rennie,The Day the Earth Stood Still,25/08/1909
777,682,Sam Claflin,The Hunger Games: Catching Fire,27/06/1986
778,676,Jason Mitchell,Straight Outta Compton,05/01/1987
779,658,Chino Darín,Muerte en Buenos Aires,14/01/1989
780,658,Javier Gutiérrez,La isla mínima,17/01/1971
781,658,Álvaro Morte,La casa de papel,23/02/1975
782,646,John Hannah,Four Weddings and a Funeral,23/04/1962
783,646,John Lynch,Black Death,26/12/1961
784,645,Hayden Christensen,Star Wars: Episode III - Revenge of the Sith,19/04/1981
785,640,Michael Redgrave,The Lady Vanishes,20/03/1908
786,639,Yves Montand,Jean de Florette,13/10/1921
787,635,Birol Ünel,Gegen die Wand,18/08/1961
788,635,Kevin Zegers,Transamerica,19/09/1984
789,629,David Duchovny,The X Files,07/08/1960
790,627,Louis Jourdan,Gigi,19/06/1921
791,625,Anthony Quayle,Lawrence of Arabia,07/09/1913
792,616,Johan Heldenbergh,The Broken Circle Breakdown,11/05/1967
793,612,Robert Donat,The 39 Steps,18/03/1905
794,607,Jonathan Majors,Lovecraft Country,07/09/1989
795,607,Tadanobu Asano,Mongol,27/11/1973
796,603,Stuart Whitman,The Comancheros,01/02/1928
797,601,Dirk Bogarde,The Servant,28/03/1921
798,600,Max Irons,Condor,17/10/1985
799,600,Franz Rogowski,Transit,02/02/1986
800,598,Bela Lugosi,Dracula,1882-10-20
801,595,Andreas Wilson,Ondskan,07/03/1981
802,595,Henrik Lundström,Bron/Broen,13/12/1983
803,593,Vincent Gallo,Buffalo '66,11/04/1961
804,589,Errol Flynn,The Adventures of Robin Hood,20/06/1909
805,589,Basil Rathbone,The Adventures of Robin Hood,1892-06-13
806,589,Claes Bang,The Square,28/04/1967
807,589,Kim Kap-su,"Janghwa, Hongryeon",07/04/1957
808,588,Alain Delon,Le Samouraï,08/11/1935
809,584,Clifton Webb,Laura,1889-11-19
810,584,Vincent Price,The Abominable Dr. Phibes,27/05/1911
811,584,Karra Elejalde,Los cronocrímenes,10/10/1960
812,581,Cliff Robertson,Spider-Man,09/09/1923
813,572,Mikkel Boe Følsgaard,En kongelig affære,01/05/1984
814,571,Dawid Ogrodnik,Cicha noc,15/06/1986
815,570,Matthew Davis,Legally Blonde,08/05/1978
816,564,Michel Piccoli,Le mépris,27/12/1925
817,563,Pål Sverre Hagen,Kon-Tiki,06/11/1980
818,563,Anders Baasmo,Kon-Tiki,29/01/1976
819,560,Wotan Wilke Möhring,Pandorum,23/05/1967
820,558,Jamie Dornan,The Fall,01/05/1982
821,557,Paul Mescal,Aftersun,02/02/1996
822,554,Harry Belafonte,Bobby,01/03/1927
823,546,Thierry Lhermitte,Le dîner de cons,24/11/1952
824,546,Jacques Villeret,Le dîner de cons,06/02/1951
825,544,Jon Finch,Frenzy,02/03/1942
826,538,Nigel Terry,Excalibur,15/08/1945
827,536,Jean-Marc Barr,Le grand bleu,27/09/1960
828,536,Tom Payne,Prodigal Son,21/12/1982
829,536,Olivier Martinez,Unfaithful,12/01/1966
830,533,Peter Simonischek,Toni Erdmann,06/08/1946
831,531,Lars Eidinger,Clouds of Sils Maria,21/01/1976
832,527,Asier Etxeandia,Dolor y gloria,27/06/1975
833,522,Matt Smith,Doctor Who,28/10/1982
834,515,Edmund Gwenn,Miracle on 34th Street,1877-09-26
835,515,John Payne,Miracle on 34th Street,28/05/1912
836,508,Richie Merritt,White Boy Rick,
837,507,Oliver Masucci,Fantastic Beasts: The Secrets of Dumbledore,06/12/1968
838,507,Christoph Maria Herbst,Stromberg,09/02/1966
839,504,Raf Vallone,The Italian Job,17/02/1916
840,502,Jan Josef Liefers,Tatort,08/08/1964
1,70488,Jennifer Lawrence,The Hunger Games,15/08/1990
2,64117,Natalie Portman,Black Swan,09/06/1981
3,63550,Julianne Moore,Far from Heaven,03/12/1960
4,57521,Robin Wright,Beowulf,08/04/1966
5,57412,Cate Blanchett,Carol,14/05/1969
6,56731,Anne Hathaway,Les Misérables,12/11/1982
7,55581,Kate Winslet,Titanic,05/10/1975
8,54709,Talia Shire,Rocky,25/04/1946
9,52796,Diane Keaton,Annie Hall,05/01/1946
10,52174,Léa Seydoux,La vie d'Adèle,01/07/1985
11,50689,Keira Knightley,Pirates of the Caribbean: The Curse of the Black Pearl,26/03/1985
12,50584,Uma Thurman,Kill Bill: Vol. 1,29/04/1970
13,49295,Marion Cotillard,La Môme,30/09/1975
14,48093,Scarlett Johansson,Lost in Translation,22/11/1984
15,47837,Jessica Chastain,Zero Dark Thirty,24/03/1977
16,47662,Amy Adams,Arrival,20/08/1974
17,47201,Helena Bonham Carter,Sweeney Todd: The Demon Barber of Fleet Street,26/05/1966
18,44087,Vera Farmiga,Up in the Air,06/08/1973
19,43263,Meryl Streep,Out of Africa,22/06/1949
20,42826,Jodie Foster,The Silence of the Lambs,19/11/1962
21,42054,Tilda Swinton,We Need to Talk About Kevin,05/11/1960
22,41787,Maggie Gyllenhaal,Secretary,16/11/1977
23,39829,Sandra Bullock,The Proposal,26/07/1964
24,39032,Gwyneth Paltrow,Shakespeare in Love,27/09/1972
25,38115,Frances McDormand,"Three Billboards Outside Ebbing, Missouri",23/06/1957
26,37977,Winona Ryder,Little Women,29/10/1971
27,37156,Sigourney Weaver,Avatar,08/10/1949
28,36874,Carrie-Anne Moss,The Matrix,21/08/1967
29,36855,Toni Collette,About a Boy,01/11/1972
30,36564,Jennifer Connelly,A Beautiful Mind,12/12/1970
31,36468,Judi Dench,Skyfall,09/12/1934
32,35247,Julia Roberts,Pretty Woman,28/10/1967
33,34656,Melissa Leo,The Fighter,14/09/1960
34,34017,Carrie Fisher,Star Wars,21/10/1956
35,33874,Elizabeth Banks,The Hunger Games,10/02/1974
36,33270,Amanda Plummer,Pulp Fiction,23/03/1957
37,33172,Naomie Harris,Moonlight,06/09/1976
38,31969,Rebecca Hall,Vicky Cristina Barcelona,03/05/1982
39,31836,Emma Stone,La La Land,06/11/1988
40,31821,Juno Temple,Atonement,21/07/1989
41,31640,Sally Field,Forrest Gump,06/11/1946
42,31619,Rachel McAdams,The Notebook,17/11/1978
43,31397,Daryl Hannah,Wall Street,03/12/1960
44,30575,Michelle Monaghan,Gone Baby Gone,23/03/1976
45,30503,Nicole Kidman,Moulin Rouge!,20/06/1967
46,29970,Jennifer Garner,Alias,17/04/1972
47,29950,Carey Mulligan,Never Let Me Go,28/05/1985
48,29609,Kathy Bates,Misery,28/06/1948
49,29417,Emily Mortimer,Mary Poppins Returns,06/10/1971
50,29246,Naomi Watts,Mulholland Dr.,28/09/1968
51,28923,Michelle Williams,My Week with Marilyn,09/09/1980
52,28878,Diane Kruger,Inglourious Basterds,15/07/1976
53,28040,Mélanie Laurent,Inglourious Basterds,21/02/1983
54,27975,Julia Stiles,10 Things I Hate About You,28/03/1981
55,27832,Margot Robbie,Suicide Squad,02/07/1990
56,27685,Viola Davis,Fences,11/08/1965
57,27191,Maggie Smith,Gosford Park,28/12/1934
58,26846,Laura Linney,The Big C,05/02/1964
59,26500,Emma Watson,The Perks of Being a Wallflower,15/04/1990
60,26282,Charlize Theron,Monster,07/08/1975
61,26237,Rosanna Arquette,Pulp Fiction,10/08/1959
62,26219,Olivia Williams,The Ghost Writer,26/07/1968
63,26134,Octavia Spencer,Hidden Figures,25/05/1970
64,25861,Catherine Keener,Being John Malkovich,26/03/1959
65,25363,Alice Braga,I Am Legend,15/04/1983
66,25263,Patricia Clarkson,The Station Agent,29/12/1959
67,24906,Zoe Saldana,Avatar,19/06/1978
68,24537,Elliot Page,Juno,21/02/1987
69,24330,Elle Fanning,Super 8,09/04/1998
70,24210,Kerry Washington,Scandal,31/01/1977
71,23982,Cameron Diaz,Vanilla Sky,30/08/1972
72,23641,Kristen Wiig,Bridesmaids,22/08/1973
73,23630,Joan Allen,Room,20/08/1956
74,23475,Rachel Weisz,The Constant Gardener,07/03/1970
75,23423,Jennifer Jason Leigh,The Hateful Eight,05/02/1962
76,23395,Annette Bening,American Beauty,29/05/1958
77,23255,Rooney Mara,Carol,17/04/1985
78,23229,Kirsten Dunst,Spider-Man,30/04/1982
79,23137,Sarah Paulson,12 Years a Slave,17/12/1974
80,22428,Saoirse Ronan,Hanna,12/04/1994
81,22220,Penélope Cruz,Vicky Cristina Barcelona,28/04/1974
82,22214,Angelina Jolie,"Girl, Interrupted",04/06/1975
83,22156,Lucy Liu,Kill Bill: Vol. 1,02/12/1968
84,21989,Connie Nielsen,Gladiator,03/07/1965
85,21672,Ashley Judd,Double Jeopardy,19/04/1968
86,21387,Bridget Moynahan,"I, Robot",28/04/1971
87,21334,Kelly Macdonald,No Country for Old Men,23/02/1976
88,21281,Allison Janney,The Help,19/11/1959
89,21219,Piper Perabo,Coyote Ugly,31/10/1976
90,20987,Vivica A. Fox,Independence Day,30/07/1964
91,20868,Katie Holmes,Batman Begins,18/12/1978
92,20787,Jennifer Ehle,Zero Dark Thirty,29/12/1969
93,20033,Liv Tyler,Armageddon,01/07/1977
94,19889,Reese Witherspoon,Wild,22/03/1976
95,19767,Lea Thompson,Back to the Future,31/05/1961
96,19758,Emily Blunt,Edge of Tomorrow,23/02/1983
97,19503,Stephanie Kurtzuba,The Irishman,
98,19389,Catherine Zeta-Jones,Chicago,25/09/1969
99,19359,Hilary Swank,Million Dollar Baby,30/07/1974
100,19296,Amy Ryan,Gone Baby Gone,03/05/1968
101,19294,Rosamund Pike,Gone Girl,
102,19139,Michelle Pfeiffer,What Lies Beneath,29/04/1958
103,19127,Maria Bello,A History of Violence,18/04/1967
104,19098,Ellen Burstyn,Requiem for a Dream,07/12/1932
105,19023,Emily Watson,Gosford Park,14/01/1967
106,18884,Kim Basinger,L.A. Confidential,08/12/1953
107,18125,Marcia Gay Harden,Mystic River,14/08/1959
108,18112,Alison Pill,Scott Pilgrim vs. the World,27/11/1985
109,18070,Anna Kendrick,Up in the Air,09/08/1985
110,17614,Zoë Kravitz,Mad Max: Fury Road,01/12/1988
111,17561,Marisa Tomei,My Cousin Vinny,04/12/1964
112,17561,Franka Potente,Lola rennt,22/07/1974
113,17527,Karen Allen,Raiders of the Lost Ark,05/10/1951
114,17468,Frances Fisher,Titanic,11/05/1952
115,17352,Kristen Stewart,Snow White and the Huntsman,09/04/1990
116,17349,Isla Fisher,Wedding Crashers,03/02/1976
117,17330,Laura Dern,Jurassic Park,10/02/1967
118,17315,Bryce Dallas Howard,Jurassic World: Dominion,02/03/1981
119,17048,Sean Young,Blade Runner,20/11/1959
120,16656,Beverly D'Angelo,National Lampoon's Vacation,15/11/1951
121,16595,Mary Steenburgen,Last Vegas,08/02/1953
122,16402,Abbie Cornish,Bright Star,07/08/1982
123,16197,Ana de Armas,Blade Runner 2049,30/04/1988
124,16003,Chloë Sevigny,We Are Who We Are,18/11/1974
125,15975,Dakota Fanning,War of the Worlds,23/02/1994
126,15619,Jennifer Morrison,House M.D.,12/04/1979
127,15614,Heather Graham,Austin Powers: The Spy Who Shagged Me,29/01/1970
128,15458,Monica Bellucci,Malèna,30/09/1964
129,15431,Kate Mara,Fantastic Four,27/02/1983
130,15393,Vanessa Redgrave,Coriolanus,30/01/1937
131,15361,Jamie Lee Curtis,Halloween,22/11/1958
132,15083,Alexandra Maria Lara,Der Untergang,12/11/1978
133,15015,Mary McDonnell,Battlestar Galactica,28/04/1952
134,14932,Mia Wasikowska,Alice in Wonderland,25/10/1989
135,14605,Louise Fletcher,One Flew Over the Cuckoo's Nest,22/07/1934
136,14501,Bonnie Bedelia,Die Hard,25/03/1948
137,14406,Abigail Breslin,Little Miss Sunshine,14/04/1996
138,14369,Shailene Woodley,Big Little Lies,15/11/1991
139,14152,Lorraine Bracco,Goodfellas,02/10/1954
140,14140,Rosario Dawson,Rent,09/05/1979
141,14099,Natascha McElhone,Ronin,14/12/1969
142,14056,Helen Hunt,As Good as It Gets,15/06/1963
143,14049,Olivia Colman,The Favourite,30/01/1974
144,14014,Shelley Duvall,The Shining,07/07/1949
145,13971,Anjelica Huston,The Grifters,08/07/1951
146,13869,Kim Dickens,Gone Girl,18/06/1965
147,13564,Dianne Wiest,The Birdcage,28/03/1946
148,13480,Andrea Riseborough,Birdman or (The Unexpected Virtue of Ignorance),20/11/1981
149,13410,Madeleine Stowe,Twelve Monkeys,18/08/1958
150,13390,Miranda Richardson,The Crying Game,03/03/1958
151,13292,Juliette Lewis,Natural Born Killers,21/06/1973
152,13119,Marisa Paredes,Todo sobre mi madre,03/04/1946
153,13106,Zazie Beetz,Atlanta,01/06/1991
154,13092,Sissy Spacek,In the Bedroom,25/12/1949
155,13079,Audrey Tautou,Le fabuleux destin d'Amélie Poulain,09/08/1976
156,12900,Chloë Grace Moretz,Kick-Ass,10/02/1997
157,12720,Thandiwe Newton,Crash,06/11/1972
158,12621,Radha Mitchell,Pitch Black,12/11/1973
159,12603,Susan Sarandon,Thelma & Louise,04/10/1946
160,12589,Eva Green,Casino Royale,06/07/1980
161,12584,Veronica Cartwright,Alien,20/04/1949
162,12435,Helen Mirren,The Queen,26/07/1945
163,12394,Paula Patton,Precious,05/12/1975
164,12391,Patricia Arquette,True Romance,08/04/1968
165,12363,Catherine McCormack,Braveheart,03/04/1972
166,12290,Mary-Louise Parker,Weeds,02/08/1964
167,12167,Mila Kunis,Black Swan,14/08/1983
168,12155,Freida Pinto,Slumdog Millionaire,18/10/1984
169,12054,Clémence Poésy,In Bruges,30/10/1982
170,12040,Nathalie Baye,Catch Me If You Can,06/07/1948
171,11946,Sophie Marceau,La boum,17/11/1966
172,11890,Rene Russo,Nightcrawler,17/02/1954
173,11580,Janet Leigh,Psycho,06/07/1927
174,11137,Vera Miles,The Man Who Shot Liberty Valance,23/08/1929
175,11090,Regina King,Ray,15/01/1971
176,11053,Emmy Rossum,The Phantom of the Opera,12/09/1986
177,11037,Diane Venora,Heat,10/08/1952
178,10992,Renée Zellweger,Chicago,25/04/1969
179,10917,Anna Paquin,The Piano,24/07/1982
180,10831,Sally Hawkins,The Shape of Water,27/04/1976
181,10776,Alicia Vikander,Ex Machina,03/10/1988
182,10765,January Jones,X: First Class,05/01/1978
183,10723,Julia Ormond,My Week with Marilyn,04/01/1965
184,10593,Grace Kelly,Dial M for Murder,12/11/1929
185,10527,Eva Mendes,Hitch,05/03/1974
186,10498,Julie Delpy,Trois couleurs: Blanc,21/12/1969
187,10427,Hiam Abbass,Blade Runner 2049,30/11/1960
188,10395,Julie Christie,Doctor Zhivago,14/04/1940
189,10320,Kristin Scott Thomas,Gosford Park,24/05/1960
190,10289,Emma Thompson,Sense and Sensibility,15/04/1959
191,10287,Sharon Stone,Basic Instinct,10/03/1958
192,10257,Kelly Reilly,Pride & Prejudice,18/07/1977
193,10018,Demi Moore,G.I. Jane,11/11/1962
194,9951,Maribel Verdú,El laberinto del fauno,02/10/1970
195,9922,Taraji P. Henson,The Curious Case of Benjamin Button,11/09/1970
196,9880,Gena Rowlands,The Notebook,19/06/1930
197,9844,Evan Rachel Wood,Thirteen,07/09/1987
198,9766,Linda Fiorentino,The Last Seduction,09/03/1958
199,9721,Halle Berry,Catwoman,14/08/1966
200,9715,Brie Larson,Room,01/10/1989
201,9584,Melanie Lynskey,Togetherness,16/05/1977
202,9555,Ingrid Bergman,Casablanca,29/08/1915
203,9321,Cho Yeo-jeong,Gisaengchung,10/02/1981
204,9321,Park So-dam,Gisaengchung,08/09/1991
205,9257,Meg Ryan,When Harry Met Sally...,19/11/1961
206,9212,Salli Richardson-Whitfield,Anacondas: The Hunt for the Blood Orchid,23/11/1967
207,9200,Faye Dunaway,Bonnie and Clyde,14/01/1941
208,9129,Cybill Shepherd,Cybill,18/02/1950
209,9032,Andie MacDowell,Groundhog Day,21/04/1958
210,8998,Nicoletta Braschi,La vita è bella,19/04/1960
211,8995,Saffron Burrows,You,22/10/1972
212,8875,Haley Bennett,The Magnificent Seven,07/01/1988
213,8800,Holly Hunter,Broadcast News,20/03/1958
214,8780,Ziyi Zhang,Yi dai zong shi,09/02/1979
215,8673,Samantha Morton,Minority Report,13/05/1977
216,8552,Sylvia Hoeks,Blade Runner 2049,01/06/1983
217,8547,Teri Polo,Meet the Parents,01/06/1969
218,8547,Blythe Danner,Meet the Parents,03/02/1943
219,8462,Bridget Fonda,A Simple Plan,27/01/1964
220,8456,Gretchen Mol,The Thirteenth Floor,08/11/1972
221,8431,Rachel Griffiths,Six Feet Under,18/12/1968
222,8264,Lorraine Gary,Jaws: The Revenge,16/08/1937
223,8259,Ivana Baquero,El laberinto del fauno,11/06/1994
224,8259,Ariadna Gil,El laberinto del fauno,23/01/1969
225,8255,Noomi Rapace,Män som hatar kvinnor,28/12/1979
226,8135,Milla Jovovich,The Fifth Element,17/12/1975
227,8114,Sienna Miller,G.I. Joe: The Rise of Cobra,28/12/1981
228,8045,Tabu,Andhadhun,04/11/1970
229,8004,Shirley MacLaine,Terms of Endearment,24/04/1934
230,7953,Charlotte Gainsbourg,Antichrist,21/07/1971
231,7923,Brenda Blethyn,Pride & Prejudice,20/02/1946
232,7909,Charlotte Rampling,45 Years,05/02/1946
233,7881,Amanda Seyfried,Les Misérables,03/12/1985
234,7856,Samantha Mathis,Broken Arrow,12/05/1970
235,7832,Kate Beckinsale,Underworld: Evolution,26/07/1973
236,7717,Anna Friel,Land of the Lost,12/07/1976
237,7713,Isabella Rossellini,Blue Velvet,18/06/1952
238,7656,Michelle Yeoh,Everything Everywhere All at Once,06/08/1962
239,7623,Anamaria Marinca,"4 luni, 3 saptamâni si 2 zile",01/04/1978
240,7605,Mireille Enos,World War Z,22/09/1975
241,7605,Daniella Kertesz,World War Z,11/03/1989
242,7585,Kate Ashfield,Shaun of the Dead,28/05/1972
243,7549,Famke Janssen,X-Men: The Last Stand,05/11/1964
244,7485,Geena Davis,Thelma & Louise,21/01/1956
245,7445,Adrianne Palicki,G.I. Joe: Retaliation,06/05/1983
246,7367,Olivia Wilde,Tron,10/03/1984
247,7348,Elisabeth Röhm,American Hustle,28/04/1973
248,7228,Deborah Kara Unger,The Game,12/05/1966
249,7206,Miranda Otto,The Lord of the Rings: The Return of the King,16/12/1967
250,7180,Martina Gedeck,Das Leben der Anderen,14/09/1961
251,7158,Corinna Harfouch,Der Untergang,16/10/1954
252,7158,Birgit Minichmayr,Der Untergang,03/04/1977
253,7152,Valeria Golino,Rain Man,22/10/1965
254,7103,Joely Richardson,Nip/Tuck,09/01/1965
255,7072,Whoopi Goldberg,Ghost,13/11/1955
256,7016,Claudia Cardinale,C'era una volta il West,15/04/1938
257,6974,Lili Taylor,American Crime,20/02/1967
258,6911,Bérénice Bejo,The Artist,07/07/1976
259,6880,Eva Marie Saint,On the Waterfront,04/07/1924
260,6847,Audrey Hepburn,Breakfast at Tiffany's,04/05/1929
261,6828,Sophie Okonedo,Hotel Rwanda,11/08/1968
262,6776,Alicia von Rittberg,Fury,10/12/1993
263,6659,Lisa Kudrow,Friends,30/07/1963
264,6601,Kang Hye-jeong,Oldeuboi,04/01/1982
265,6585,Judy Garland,The Wizard of Oz,10/06/1922
266,6570,Anya Taylor-Joy,The Queen's Gambit,16/04/1996
267,6552,Susanne Lothar,Funny Games,15/11/1960
268,6534,Karoline Herfurth,Perfume: The Story of a Murderer,22/05/1984
269,6513,Katharine Ross,The Graduate,29/01/1940
270,6501,Thelma Ritter,Rear Window,14/02/1902
271,6459,Anna Faris,The House Bunny,29/11/1976
272,6430,Claire Danes,My So-Called Life,12/04/1979
273,6411,Angela Bassett,Black Panther,16/08/1958
274,6353,Anne Bancroft,The Graduate,17/09/1931
275,6348,Rosemarie DeWitt,Rachel Getting Married,26/10/1971
276,6319,Paulette Goddard,Modern Times,03/06/1910
277,6304,Anne Heche,Six Days Seven Nights,25/05/1969
278,6281,Linda Cardellini,Scooby-Doo,25/06/1975
279,6271,Jessica Biel,The Illusionist,03/03/1982
280,6211,Kate Hudson,Almost Famous,19/04/1979
281,6206,Linda Hamilton,Terminator 2: Judgment Day,26/09/1956
282,6188,Jennifer Aniston,Friends,11/02/1969
283,6175,Mia Farrow,Rosemary's Baby,09/02/1945
284,6167,Lena Olin,The Unbearable Lightness of Being,22/03/1955
285,6131,Emmanuelle Seigner,Bitter Moon,22/06/1966
286,6086,Ruby Dee,American Gangster,27/10/1922
287,6074,Elizabeth McGovern,Ordinary People,18/07/1961
288,6019,Vivien Leigh,A Streetcar Named Desire,05/11/1913
289,6000,Cicely Tyson,The Help,19/12/1924
290,5972,Agnes Moorehead,"Hush...Hush, Sweet Charlotte",06/12/1900
291,5943,Pam Grier,Jackie Brown,26/05/1949
292,5930,Geraldine Chaplin,Hable con ella,31/07/1944
293,5917,Kate Capshaw,Indiana Jones and the Temple of Doom,03/11/1953
294,5910,Amy Smart,Rat Race,26/03/1976
295,5895,Marie-Josée Croze,Les invasions barbares,23/02/1970
296,5824,Glenn Close,Fatal Attraction,19/03/1947
297,5760,Donna Reed,It's a Wonderful Life,27/01/1921
298,5758,Drew Barrymore,Charlie's Angels,22/02/1975
299,5704,AJ Michalka,Super 8,10/04/1991
300,5694,Ayelet Zurer,Man of Steel,28/06/1969
301,5685,Juliette Binoche,The English Patient,09/03/1964
302,5419,Olga Kurylenko,Oblivion,14/11/1979
303,5277,Barbara Hershey,Black Swan,05/02/1948
304,5230,Keri Russell,Felicity,23/03/1976
305,5216,Lucy Boynton,Sing Street,17/01/1994
306,5203,Emmanuelle Béart,8 femmes,14/08/1963
307,5203,Ingeborga Dapkunaite,Seven Years in Tibet,20/01/1963
308,5156,Kim Novak,Vertigo,13/02/1933
309,5156,Barbara Bel Geddes,Vertigo,31/10/1922
310,5127,Olivia de Havilland,The Heiress,01/07/1916
311,5117,Ruby Rose,Orange Is the New Black,20/03/1986
312,5117,Claudia Gerini,The Passion of the Christ,18/12/1971
313,5076,Felicity Huffman,Transamerica,09/12/1962
314,5068,Joan Cusack,In & Out,11/10/1962
315,5045,Molly Ringwald,Sixteen Candles,18/02/1968
316,5045,Ally Sheedy,The Breakfast Club,13/06/1962
317,5022,Hailee Steinfeld,True Grit,11/12/1996
318,4995,Lady Gaga,A Star Is Born,28/03/1986
319,4962,Aitana Sánchez-Gijón,The Machinist,05/11/1968
320,4915,Felicity Jones,Rogue One,17/10/1983
321,4895,Hope Davis,American Splendor,23/03/1964
322,4890,Judy Davis,Husbands and Wives,23/04/1955
323,4872,Salma Hayek,Frida,02/09/1966
324,4849,Mary Elizabeth Mastrantonio,The Abyss,17/11/1958
325,4791,Jessica Lange,Tootsie,20/04/1949
326,4783,Diane Lane,Unfaithful,22/01/1965
327,4779,Tuesday Weld,Once Upon a Time in America,27/08/1943
328,4757,Sarah Jessica Parker,Sex and the City,25/03/1965
329,4754,Charlotte Le Bon,Anthropoid,04/09/1986
330,4738,Teri Garr,Tootsie,11/12/1947
331,4713,Linda Blair,The Exorcist,22/01/1959
332,4674,Julie Walters,Billy Elliot,22/02/1950
333,4656,Greta Gerwig,Lady Bird,04/08/1983
334,4613,Samara Weaving,Ready or Not,23/02/1992
335,4568,Jessica Tandy,Driving Miss Daisy,07/06/1909
336,4546,Hannah Herzsprung,The Reader,07/09/1981
337,4535,Elisabeth Shue,Leaving Las Vegas,06/10/1963
338,4452,Belén Rueda,El orfanato,16/03/1965
339,4445,Michelle Dockery,Downton Abbey,15/12/1981
340,4423,Ko Asung,Snowpiercer,10/08/1992
341,4387,Lola Dueñas,Mar adentro,06/10/1971
342,4342,Lubna Azabal,Incendies,15/08/1973
343,4324,Ellen Barkin,The Fan,16/04/1954
344,4310,Mary Elizabeth Winstead,10 Cloverfield Lane,28/11/1984
345,4306,Zoe Kazan,Ruby Sparks,09/09/1983
346,4305,Sarah Polley,Dawn of the Dead,08/01/1979
347,4293,Barbra Streisand,Funny Girl,24/04/1942
348,4270,Frances O'Connor,A.I. Artificial Intelligence,12/06/1967
349,4244,Melinda Dillon,Magnolia,13/10/1939
350,4162,Maggie Cheung,Fa yeung nin wah,20/09/1964
351,4134,Imelda Staunton,Vera Drake,09/01/1956
352,4108,Juliane Köhler,Der Untergang,06/08/1965
353,4077,Lisa Bonet,Angel Heart,16/11/1967
354,4060,Alexandra Rapaport,Gåsmamman,26/12/1971
355,4002,Madeline Kahn,Paper Moon,29/09/1942
356,4001,Carmen Ejogo,Selma,22/10/1973
357,3982,Kelly Preston,Battlefield Earth,13/10/1962
358,3981,Sarah Silverman,Wreck-It Ralph,01/12/1970
359,3965,Catherine O'Hara,Best in Show,04/03/1954
360,3964,Lauren Bacall,To Have and Have Not,16/09/1924
361,3964,Debbie Reynolds,Singin' in the Rain,01/04/1932
362,3962,Julie Andrews,The Sound of Music,01/10/1935
363,3932,Golshifteh Farahani,Paterson,10/07/1983
364,3925,Ruth Gordon,Rosemary's Baby,1896-10-30
365,3902,Elizabeth Berridge,Amadeus,02/05/1962
366,3898,Elizabeth Debicki,The Great Gatsby,24/08/1990
367,3842,Marlene Dietrich,Witness for the Prosecution,27/12/1901
368,3829,Laura Harrier,Spider-Man: Homecoming,28/03/1990
369,3824,Zooey Deschanel,New Girl,17/01/1980
370,3808,Carroll Baker,Baby Doll,28/05/1931
371,3780,Lake Bell,In a World...,24/03/1979
372,3774,Marilyn Monroe,Some Like It Hot,01/06/1926
373,3753,Bibi Andersson,Persona,11/11/1935
374,3720,Kate Bosworth,Superman Returns,02/01/1983
375,3683,Marta Etura,Ofrenda a la tormenta,28/10/1978
376,3634,Katrin Cartlidge,Breaking the Waves,15/05/1961
377,3608,Candice Bergen,Miss Congeniality,09/05/1946
378,3590,Julia Fox,Uncut Gems,02/02/1990
379,3590,Idina Menzel,Frozen,30/05/1971
380,3583,Laura Harring,Mulholland Dr.,03/03/1964
381,3573,Maya Rudolph,Bridesmaids,27/07/1972
382,3556,Kim Cattrall,Sex and the City 2,21/08/1956
383,3524,Elizabeth Olsen,Martha Marcy May Marlene,16/02/1989
384,3496,Jeanne Tripplehorn,Basic Instinct,10/06/1963
385,3439,Kim Hunter,A Streetcar Named Desire,12/11/1922
386,3411,Kelly McGillis,Witness,09/07/1957
387,3393,Diane Ladd,Wild at Heart,29/11/1935
388,3384,Kim Greist,Brazil,12/05/1958
389,3377,Natalie Martinez,Death Race,12/07/1984
390,3373,Piper Laurie,The Hustler,22/01/1932
391,3357,Leila Hatami,Jodaeiye Nader az Simin,01/10/1972
392,3338,Virginia Madsen,Sideways,11/09/1961
393,3315,Bae Doona,Cloud Atlas,11/10/1979
394,3315,Xun Zhou,Li Mi De Cai Xiang,18/10/1974
395,3275,Vicky Krieps,Phantom Thread,04/10/1983
396,3264,Caroline Goodall,Disclosure,13/11/1959
397,3222,Gong Li,Man cheng jin dai huang jin jia,31/12/1965
398,3216,Brittany Murphy,Clueless,10/11/1977
399,3215,Wendy Hiller,Murder on the Orient Express,15/08/1912
400,3214,Jessica Barden,Hanna,21/07/1992
401,3211,Alida Valli,The Third Man,31/05/1921
402,3196,Amanda Peet,2012,11/01/1972
403,3190,Katharine Hepburn,The Lion in Winter,12/05/1907
404,3189,Sarah Snook,Predestination,01/12/1987
405,3166,Shelley Winters,The Poseidon Adventure,18/08/1920
406,3163,Christina Ricci,Casper,12/02/1980
407,3131,Kathleen Turner,Romancing the Stone,19/06/1954
408,3128,Gemma Arterton,Prince of Persia: The Sands of Time,02/02/1986
409,3117,Tippi Hedren,The Birds,19/01/1930
410,3091,Gloria Swanson,Sunset Blvd.,1899-03-27
411,3075,Rose Byrne,Spy,24/07/1979
412,3065,Patricia Neal,Hud,20/01/1926
413,3050,Sara Forestier,Le nom des gens,04/10/1986
414,3040,Jane Alexander,Kramer vs. Kramer,28/10/1939
415,3011,Trine Dyrholm,Dronningen,15/04/1972
416,2963,Brigitte Helm,Metropolis,17/03/1906
417,2937,A.J. Cook,Criminal Minds,22/07/1978
418,2907,Virginie Ledoyen,8 femmes,15/11/1976
419,2895,Stockard Channing,Practical Magic,13/02/1944
420,2887,Lesley Manville,Phantom Thread,12/03/1956
421,2881,Parker Posey,Scream 3,08/11/1968
422,2839,Penelope Ann Miller,Carlito's Way,13/01/1964
423,2839,Jill Clayburgh,Bridesmaids,30/04/1944
424,2800,Minnie Driver,Circle of Friends,31/01/1970
425,2797,Eliza Scanlen,Little Women,06/01/1999
426,2788,Elizabeth Hurley,Austin Powers: International Man of Mystery,10/06/1965
427,2774,Elisabeth Moss,The Invisible Man,24/07/1982
428,2756,Emmanuelle Riva,Hiroshima mon amour,24/02/1927
429,2712,Leonor Watling,The Oxford Murders,28/07/1975
430,2710,Joanne Woodward,"Rachel, Rachel",27/02/1930
431,2698,Courtney Love,The People vs. Larry Flynt,09/07/1964
432,2672,Catherine Deneuve,Belle de jour,22/10/1943
433,2661,Amber Heard,Aquaman,22/04/1986
434,2656,Anouk Aimée,8½,27/04/1932
435,2641,Julie Hagerty,Freddy Got Fingered,15/06/1955
436,2629,Soledad Villamil,El secreto de sus ojos,19/06/1969
437,2615,Valeria Bruni Tedeschi,Il est plus facile pour un chameau...,16/11/1964
438,2555,Laura San Giacomo,"Sex, Lies, and Videotape",14/11/1962
439,2511,Gillian Anderson,The X Files,09/08/1968
440,2506,Mary McCormack,Deep Impact,08/02/1969
441,2492,Shannyn Sossamon,Wristcutters: A Love Story,03/10/1978
442,2461,Marina Hands,Lady Chatterley,10/01/1975
443,2460,Ana Wagener,Biutiful,
444,2460,Bárbara Lennie,Magical Girl,20/04/1984
445,2457,Bette Davis,All About Eve,05/04/1908
446,2440,Jane Fonda,Klute,21/12/1937
447,2440,Anne Baxter,All About Eve,07/05/1923
448,2436,Elizabeth Taylor,Who's Afraid of Virginia Woolf?,27/02/1932
449,2426,Fanny Ardant,8 femmes,22/03/1949
450,2415,Teresa Wright,Shadow of a Doubt,27/10/1918
451,2409,Izabella Scorupco,GoldenEye,04/06/1970
452,2388,Rebecca Ferguson,The Greatest Showman,19/10/1983
453,2368,Olivia Newton-John,Grease,26/09/1948
454,2368,Eve Arden,Our Miss Brooks,30/04/1908
455,2368,Joan Blondell,Grease,30/08/1906
456,2333,Anne Consigny,Elle,25/05/1963
457,2331,Annabella Sciorra,The Hand That Rocks the Cradle,29/03/1960
458,2326,Sylvia Sidney,Beetle Juice,08/08/1910
459,2325,Rachel Ticotin,Total Recall,01/11/1958
460,2283,Amira Casar,Call Me by Your Name,01/05/1971
461,2280,Jennifer Beals,Flashdance,19/12/1963
462,2273,Manuela Velasco,[Rec],23/10/1975
463,2257,Denise Richards,The World Is Not Enough,17/02/1971
464,2256,Natalie Wood,Rebel Without a Cause,20/07/1938
465,2255,Nancy Allen,RoboCop,24/06/1950
466,2246,Brooke Adams,Invasion of the Body Snatchers,08/02/1949
467,2221,Dagmara Dominczyk,The Count of Monte Cristo,17/07/1976
468,2214,Katrin Sass,Good Bye Lenin!,23/10/1956
469,2205,Joely Richardson,Nip/Tuck,09/01/1965
470,2205,Thekla Reuten,In Bruges,16/09/1975
471,2197,Heather Langenkamp,A Nightmare on Elm Street,17/07/1964
472,2197,Ronee Blakley,Nashville,24/08/1945
473,2196,AnnaSophia Robb,Bridge to Terabithia,08/12/1993
474,2179,Blake Lively,Gossip Girl,25/08/1987
475,2175,Nia Long,The Best Man,30/10/1970
476,2166,Barbara Stanwyck,Double Indemnity,16/07/1907
477,2149,Elsa Lanchester,Witness for the Prosecution,28/10/1902
478,2143,Mary Astor,The Maltese Falcon,03/05/1906
479,2120,Lee Remick,Anatomy of a Murder,14/12/1935
480,2074,Debra Winger,Terms of Endearment,16/05/1955
481,2068,Marg Helgenberger,CSI: Crime Scene Investigation,16/11/1958
482,2068,Danielle Panabaker,The Flash,19/09/1987
483,2053,Lily James,Cinderella,05/04/1989
484,2051,Isabelle Huppert,Elle,16/03/1953
485,2038,Gemma Jones,Sense and Sensibility,04/12/1942
486,2032,Liv Ullmann,Viskningar och rop,16/12/1938
487,2029,Shu Qi,The Transporter,16/04/1976
488,1988,Mariel Hemingway,Manhattan,22/11/1961
489,1984,Alexa Davalos,The Chronicles of Riddick,28/05/1982
490,1981,Marisa Berenson,Cabaret,15/02/1947
491,1950,Regina Taylor,Courage Under Fire,22/08/1960
492,1945,Anne-Marie Duff,Nowhere Boy,08/10/1970
493,1923,Paprika Steen,Applaus,03/11/1964
494,1916,Cecilia Roth,Todo sobre mi madre,08/08/1956
495,1915,Caitríona Balfe,Belfast,04/10/1979
496,1911,Amy Irving,Traffic,10/09/1953
497,1905,Rebecca De Mornay,The Hand That Rocks the Cradle,29/08/1959
498,1901,Ashanti,Coach Carter,13/10/1980
499,1891,Emilie de Ravin,Remember Me,27/12/1981
500,1862,Svetlana Khodchenkova,Tinker Tailor Soldier Spy,21/01/1983
501,1832,Elena Anaya,La piel que habito,17/07/1975
502,1830,Julia Louis-Dreyfus,Seinfeld,13/01/1961
503,1801,Harriet Andersson,Viskningar och rop,14/02/1932
504,1786,Rhea Perlman,Cheers,31/03/1948
505,1786,Mara Wilson,Matilda,24/07/1987
506,1786,Embeth Davidtz,Bicentennial Man,11/08/1965
507,1786,Pam Ferris,Matilda,11/05/1948
508,1778,Julie Kavner,The Simpsons,07/09/1950
509,1756,Ursina Lardi,Lore,19/12/1970
510,1750,Jessica Alba,Fantastic Four,28/04/1981
511,1745,Cécile de France,L'auberge espagnole,17/07/1975
512,1736,Celeste Holm,All About Eve,29/04/1917
513,1726,Mary Stuart Masterson,Benny & Joon,28/06/1966
514,1726,Aunjanue Ellis,King Richard,21/02/1969
515,1723,Markéta Irglová,Once,28/02/1988
516,1705,Sandra Milo,8½,11/03/1933
517,1701,JoBeth Williams,Poltergeist,06/12/1948
518,1696,Ana Torrent,El nido,12/07/1966
519,1694,Rosario Flores,Hable con ella,04/11/1963
520,1679,Jessie Buckley,I'm Thinking of Ending Things,28/12/1989
521,1674,Riley Keough,Mad Max: Fury Road,29/05/1989
522,1632,Irène Jacob,La double vie de Véronique,15/07/1966
523,1623,Jean Arthur,Mr. Smith Goes to Washington,17/10/1900
524,1616,Jean Simmons,Guys and Dolls,31/01/1929
525,1600,Edna Purviance,A Woman of Paris: A Drama of Fate,1895-10-21
526,1580,Meg Foster,They Live,10/05/1948
527,1578,Jennifer Lopez,Hustlers,24/07/1969
528,1575,Ursula Andress,Dr. No,19/03/1936
529,1573,Joan Fontaine,Suspicion,22/10/1917
530,1570,Giulietta Masina,Le notti di Cabiria,22/02/1921
531,1553,Imogen Poots,Vivarium,03/06/1989
532,1549,Elizabeth Mitchell,The Purge: Election Year,27/03/1970
533,1544,Ludivine Sagnier,Lupin,03/07/1979
534,1516,Kim Min-hee,Ah-ga-ssi,01/03/1982
535,1516,Kim Tae-ri,Ah-ga-ssi,24/04/1990
536,1515,Lindsay Lohan,The Parent Trap,02/07/1986
537,1514,Adrienne Barbeau,Escape from New York,11/06/1945
538,1493,Carmen Maura,"Mujeres al borde de un ataque de ""nervios""",15/09/1945
539,1492,Jennifer Grey,Dirty Dancing,26/03/1960
540,1455,Lori Petty,Tank Girl,14/10/1963
541,1423,Björk,Dancer in the Dark,21/11/1965
542,1410,Ingrid Thulin,Viskningar och rop,27/01/1926
543,1375,Elizabeth Peña,Rush Hour,23/09/1959
544,1370,Kajol,Fanaa,05/08/1974
545,1369,Sue Lyon,Lolita,10/07/1946
546,1365,Kaitlyn Dever,Booksmart,21/12/1996
547,1353,Maricel Álvarez,Biutiful,
548,1332,Christiane Paul,Im Juli,08/03/1974
549,1317,Melissa McCarthy,The Heat,26/08/1970
550,1292,Cher,Moonstruck,20/05/1946
551,1289,Lillian Gish,The Night of the Hunter,1893-10-14
552,1253,Coleen Gray,The Killing,23/10/1922
553,1250,Andrea Sawatzki,Tatort,23/02/1963
554,1237,Natalya Bondarchuk,Solyaris,10/05/1950
555,1228,Taraneh Alidoosti,Forushande,12/01/1984
556,1226,Jacqueline Bisset,Bullitt,13/09/1944
557,1222,Kassie Wesley DePaiva,One Life to Live,21/03/1961
558,1221,Lorraine Toussaint,Hudson Hawk,04/04/1960
559,1220,Amy Madigan,Field of Dreams,11/09/1950
560,1211,Alison Brie,GLOW,29/12/1982
561,1208,Irene Papas,The Guns of Navarone,03/09/1929
562,1200,Melonie Diaz,Fruitvale Station,25/04/1984
563,1199,Claudette Colbert,It Happened One Night,13/09/1903
564,1197,Greta Scacchi,The Player,18/02/1960
565,1185,Nora Navas,Dolor y gloria,24/04/1975
566,1175,Sandy Dennis,Who's Afraid of Virginia Woolf?,27/04/1937
567,1171,Margot Kidder,Superman,17/10/1948
568,1171,Eileen Brennan,Clue,03/09/1932
569,1171,Lesley Ann Warren,Victor/Victoria,16/08/1946
570,1169,Olympia Dukakis,Moonstruck,20/06/1931
571,1160,Sylvie Testud,La Môme,17/01/1971
572,1123,Florence Pugh,The Falling,03/01/1996
573,1121,Jenny Agutter,Logan's Run,20/12/1952
574,1111,Susan Kelechi Watson,This Is Us,11/11/1981
575,1098,Ornella Muti,Flash Gordon,09/03/1955
576,1085,Alexandra Shipp,X-Men: Apocalypse,16/07/1991
577,1081,Karin Viard,Polisse,24/01/1966
578,1081,Marie-Laure Dougnac,Delicatessen,
579,1075,Nia Vardalos,My Big Fat Greek Wedding,24/09/1962
580,1071,Steffi Kühnert,Halt auf freier Strecke,19/02/1963
581,1053,Lily Cole,Snow White and the Huntsman,27/12/1987
582,1053,Kathryn Erbe,Stir of Echoes,05/07/1965
583,1053,Illeana Douglas,Stir of Echoes,25/07/1961
584,1046,Vanessa Hudgens,High School Musical 3: Senior Year,14/12/1988
585,1046,Selena Gomez,Spring Breakers,22/07/1992
586,1046,Ashley Benson,Spring Breakers,18/12/1989
587,1046,Rachel Korine,Spring Breakers,04/04/1986
588,1030,Annie Girardot,La pianiste,25/10/1931
589,1029,Barbara Bach,The Spy Who Loved Me,28/08/1946
590,1027,Joan Chen,The Last Emperor,26/04/1961
591,1026,Kimberly Elise,The Manchurian Candidate,17/04/1967
592,1026,Jurnee Smollett,Birds of Prey and the Fantabulous Emancipation of One Harley Quinn,01/10/1986
593,1018,Yolande Moreau,Quand la mer monte...,27/02/1953
594,1016,Sondra Locke,Every Which Way but Loose,28/05/1944
595,1014,Nastassja Kinski,Tess,24/01/1961
596,990,Miou-Miou,La science des rêves,22/02/1950
597,990,Shuzhen Zhao,The Farewell,
598,990,Awkwafina,Ocean's Eight,02/06/1988
599,984,Angela Lansbury,The Manchurian Candidate,16/10/1925
600,979,Selena Gomez,Spring Breakers,22/07/1992
601,979,Megan Ferguson,Curb Your Enthusiasm,
602,977,Carice van Houten,Game of Thrones,05/09/1976
603,975,Jean Seberg,À bout de souffle,13/11/1938
604,974,Sandahl Bergman,Conan the Barbarian,14/11/1951
605,965,Lee Grant,In the Heat of the Night,31/10/1925
606,961,Natasha Richardson,Asylum,11/05/1963
607,959,Lili Simmons,Banshee,23/07/1993
608,955,Simone Signoret,Les diaboliques,25/03/1921
609,953,Bojana Novakovic,Devil,12/07/1981
610,951,Anita Ekberg,La dolce vita,29/09/1931
611,945,Sakura Andô,Manbiki kazoku,18/02/1986
612,945,Kirin Kiki,Manbiki kazoku,15/01/1943
613,942,Anne Archer,Fatal Attraction,24/08/1947
614,933,Aura Garrido,El ministerio del tiempo,29/05/1989
615,908,Priyanka Chopra Jonas,Baywatch,18/07/1982
616,900,Nina Hoss,Phoenix,07/07/1975
617,889,Mirjana Jokovic,Maid in Manhattan,24/11/1967
618,889,Mirjana Karanovic,Dobra zena,28/01/1957
619,888,Sally Kellerman,M*A*S*H,02/06/1937
620,884,Alba Rohrwacher,Hungry Hearts,27/02/1979
621,884,Kasia Smutniak,Perfetti sconosciuti,13/08/1979
622,881,Maria Falconetti,La passion de Jeanne d'Arc,1892-07-21
623,877,Brigitte Lin,Ging chaat goo si,03/11/1954
624,875,Mae Clarke,Frankenstein,16/08/1910
625,869,Solveig Dommartin,Bis ans Ende der Welt,16/05/1961
626,862,Carole Bouquet,For Your Eyes Only,18/08/1957
627,860,Rita Tushingham,The Knack ...and How to Get It,14/03/1942
628,858,Alicia Silverstone,Clueless,04/10/1976
629,850,Goldie Hawn,Private Benjamin,21/11/1945
630,841,Fay Wray,King Kong,15/09/1907
631,840,Beyoncé,Dreamgirls,04/09/1981
632,840,Jennifer Hudson,Dreamgirls,12/09/1981
633,838,Béatrice Dalle,À l'intérieur,19/12/1964
634,837,Lil Dagover,Das Cabinet des Dr. Caligari,1887-09-30
635,832,Neve Campbell,Scream,03/10/1973
636,828,Priscilla Lane,Arsenic and Old Lace,12/06/1915
637,818,Angie Dickinson,Rio Bravo,30/09/1931
638,814,Nanako Matsushima,Ringu,13/10/1973
639,814,Miki Nakatani,Kiraware Matsuko no isshô,12/01/1976
640,814,Yûko Takeuchi,Saido kâ ni inu,01/04/1980
641,808,Myrna Loy,The Thin Man,02/08/1905
642,808,Janet Gaynor,A Star Is Born,06/10/1906
643,799,Pamela Anderson,Barb Wire,01/07/1967
644,792,Mira Sorvino,Mighty Aphrodite,28/09/1967
645,785,Leticia Brédice,Nueve reinas,26/08/1972
646,776,Kerry Fox,Shallow Grave,30/07/1966
647,774,Susan George,Straw Dogs,26/07/1950
648,760,Lily Collins,The Mortal Instruments: City of Bones,18/03/1989
649,756,Jessica Harper,Suspiria,10/10/1949
650,756,Joan Bennett,Suspiria,27/02/1910
651,753,Doris Day,Love Me or Leave Me,03/04/1922
652,748,Faye Wong,Chung Hing sam lam,08/08/1969
653,743,Kim Stanley,Seance on a Wet Afternoon,11/02/1925
654,739,Gugu Mbatha-Raw,Belle,21/04/1983
655,738,Lily Tomlin,Nashville,01/09/1939
656,738,Annie Ross,Short Cuts,25/07/1930
657,738,Lori Singer,Footloose,06/11/1957
658,732,Liza Minnelli,Cabaret,12/03/1946
659,729,Yeong-hie Seo,Chugyeokja,13/06/1980
660,721,Joan Crawford,What Ever Happened to Baby Jane?,23/03/1905
661,721,Claire Bloom,Clash of the Titans,15/02/1931
662,714,Anne Dorval,Mommy,08/11/1960
663,714,Suzanne Clément,Mommy,12/05/1969
664,709,Lisa Blount,An Officer and a Gentleman,01/07/1957
665,709,Lisa Eilbacher,Beverly Hills Cop,05/05/1956
666,705,Norah Jones,Ted,30/03/1979
667,702,Natalie Morales,Parks and Recreation,15/02/1985
668,700,Linda Kozlowski,Crocodile Dundee,07/01/1958
669,695,Seung-Yun Lee,Bin-jip,18/08/1968
670,688,Rosalind Russell,Auntie Mame,04/06/1907
671,685,Agnieszka Grochowska,Obce niebo,31/12/1979
672,682,Joanna Going,Kingdom,22/07/1963
673,680,Nadia Farès,Les rivières pourpres,20/12/1968
674,680,Dominique Sanda,Il conformista,11/03/1951
675,676,Mary J. Blige,Mudbound,11/01/1971
676,671,Julia Dietze,Iron Sky,09/01/1981
677,668,Mary Tyler Moore,Ordinary People,29/12/1936
678,665,Laetitia Casta,Arbitrage,11/05/1978
679,658,Adriana Ugarte,Julieta,17/01/1985
680,646,Geneviève Bujold,Dead Ringers,01/07/1942
681,645,Hayley Atwell,Captain America: The First Avenger,05/04/1982
682,640,Margaret Lockwood,The Lady Vanishes,15/09/1916
683,635,Sibel Kekilli,Gegen die Wand,16/06/1980
684,629,Anne Parillaud,Nikita,06/05/1960
685,628,Deborah Kerr,The King and I,30/09/1921
686,628,Melanie Griffith,Working Girl,09/08/1957
687,627,Maud Adams,Octopussy,12/02/1945
688,621,Valerie Hobson,Bride of Frankenstein,14/04/1917
689,616,Veerle Baetens,The Broken Circle Breakdown,24/01/1978
690,613,Oksana Akinshina,Lilja 4-ever,19/04/1987
691,612,Madeleine Carroll,The 39 Steps,26/02/1906
692,612,Grace Van Patten,Under the Silver Lake,21/11/1996
693,612,Elizabeth Marvel,True Grit,27/11/1969
694,607,Mélanie Thierry,The Zero Theorem,17/07/1981
695,604,Mercedes Ruehl,The Fisher King,28/02/1948
696,603,Capucine,The Pink Panther,06/01/1928
697,601,Sarah Miles,Ryan's Daughter,31/12/1941
698,601,Tika Sumpter,Southside with You,20/06/1980
699,600,Laia Costa,Victoria,18/02/1985
700,595,Linda Zilliacus,Ondskan,25/04/1977
701,589,Yum Jung-ah,"Janghwa, Hongryeon",28/07/1972
702,588,Nimrat Kaur,The Lunchbox,13/03/1982
703,587,Mary Beth Hurt,The World According to Garp,26/09/1946
704,585,Julie Harris,The Haunting,02/12/1925
705,585,Jo Van Fleet,East of Eden,29/12/1915
706,584,Gene Tierney,Laura,19/11/1920
707,584,Bárbara Goenaga,Los cronocrímenes,20/07/1983
708,571,Agata Kulesza,Ida,27/09/1971
709,571,Joanna Kulig,Zimna wojna,24/06/1982
710,571,Keisha Castle-Hughes,Whale Rider,24/03/1990
711,570,Lynn Redgrave,Gods and Monsters,08/03/1943
712,568,Claire Trevor,Key Largo,08/03/1910
713,564,Geneviève Page,Belle de jour,13/12/1927
714,563,Agnes Kittelsen,Max Manus,20/05/1980
715,557,Dakota Johnson,Fifty Shades of Grey,04/10/1989
716,556,Merna Kennedy,The Circus,07/09/1908
717,552,Sophia Loren,La ciociara,20/09/1934
718,552,Maria Schneider,Ultimo tango a Parigi,27/03/1952
719,546,Alexandra Vandernoot,Highlander,19/09/1965
720,546,Catherine Frot,Marguerite,01/05/1956
721,544,Tatum O'Neal,Paper Moon,05/11/1963
722,543,Vanessa Kirby,The Crown,18/04/1988
723,538,Cherie Lunghi,Excalibur,04/04/1952
724,536,Emma Catherine Rigby,Hollyoaks,26/09/1989
725,533,Sandra Hüller,Toni Erdmann,30/04/1978
726,532,Jeanne Moreau,Jules et Jim,23/01/1928
727,532,Dana Wynter,Invasion of the Body Snatchers,08/06/1931
728,532,Misa Uehara,Kakushi-toride no san-akunin,26/03/1937
729,531,Sigrid Bouaziz,Personal Shopper,
730,531,Nora Waldstätten,Personal Shopper,01/12/1981
731,523,Rachel Roberts,Murder on the Orient Express,20/09/1927
732,518,Helena Zengel,News of the World,10/06/2008
733,517,Jane Wyman,Falcon Crest,05/01/1917
734,515,Maureen O'Hara,Miracle on 34th Street,17/08/1920
735,513,Lynn Collins,X-Men Origins: Wolverine,16/05/1977
736,513,Zuleikha Robinson,Hidalgo,
737,512,Mia Sara,Timecop,19/06/1967
738,510,Celia Johnson,Brief Encounter,18/12/1908
739,510,Judith Godrèche,The Overnight,23/03/1972
740,509,Zendaya,Spider-Man: Homecoming,01/09/1996
741,507,Katja Riemann,Fack ju Göhte,01/11/1963
742,507,Sidse Babett Knudsen,Borgen,22/11/1968
743,502,Johanna Wokalek,Der Baader Meinhof Komplex,03/03/1975
744,502,Nadja Uhl,Der Baader Meinhof Komplex,23/05/1972
745,501,Magali Noël,Amarcord,27/06/1931
