"show_id","Languages"
"s92","French"
"s93","Turkish"
"s93","English"
"s93","Spanish"
"s93","French"
"s93","Arabic"
"s93","Russian"
"s93","Italian"
"s93","Dutch"
"s93","Polish"
"s94","Swedish"
"s96","English"
"s99","English"
"s100","English"
"s109","English"
"s110","Spanish"
"s111","Spanish"
"s112","English"
"s2","English"
"s3","French"
"s5","Hindi"
"s6","English"
"s11","English"
"s11","Italian"
"s13","German"
"s14","Portuguese"
"s15","Kannada"
"s19","English"
"s21","English"
"s26","English"
"s114","English"
"s118","German"
"s31","Hindi"
"s34","Korean"
"s36","Romanian"
"s37","French"
"s66","English"
"s71","Spanish"
"s80","Tamil"
"s83","English"
"s182","English"
"s906","Chinese"
"s906","Mandarin"
"s909","English"
"s919","Hindi"
"s920","English"
"s924","English"
"s834","Hebrew"
"s837","Thai"
"s839","Spanish"
"s843","English"
"s848","Korean"
"s849","English"
"s851","Hindi"
"s852","Hindi"
"s853","Hindi"
"s855","English"
"s856","English"
"s870","Spanish"
"s872","Hindi"
"s874","English"
"s874","Hindi"
"s878","Telugu"
"s881","English"
"s882","English"
"s885","Korean"
"s897","English"
"s901","English"
"s1228","Hindi"
"s1229","English"
"s1229","Hindi"
"s1232","English"
"s1233","Spanish"
"s1235","Spanish"
"s1236","Japanese"
"s1236","English"
"s1236","Dutch"
"s1237","French"
"s1239","English"
"s1147","Spanish"
"s1243","English"
"s1167","English"
"s1168","Italian"
"s1169","English"
"s1171","English"
"s1171","Russian"
"s1172","English"
"s1174","Korean"
"s1175","Korean"
"s1246","English"
"s1181","English"
"s1183","English"
"s1185","Chinese"
"s1187","Japanese"
"s1189","Portuguese"
"s1201","English"
"s1207","English"
"s1211","Korean"
"s1213","Turkish"
"s1219","English"
"s1221","Spanish"
"s1221","Basque"
"s747","English"
"s751","Spanish"
"s756","Dutch"
"s764","English"
"s766","Spanish"
"s619","English"
"s627","English"
"s627","French"
"s768","Japanese"
"s769","Swedish"
"s771","Arabic"
"s772","Japanese"
"s639","English"
"s640","Japanese"
"s643","Japanese"
"s646","English"
"s646","Spanish"
"s647","Spanish"
"s649","English"
"s654","English"
"s659","Korean"
"s806","Korean"
"s812","English"
"s821","Spanish"
"s685","Spanish"
"s687","Korean"
"s692","Korean"
"s697","English"
"s698","Spanish"
"s700","Icelandic"
"s700","English"
"s700","Swedish"
"s707","Spanish"
"s711","English"
"s712","English"
"s715","Korean"
"s716","Spanish"
"s718","English"
"s721","English"
"s725","Japanese"
"s725","English"
"s726","Spanish"
"s732","Korean"
"s738","English"
"s738","Tagalog"
"s738","Filipino"
"s740","English"
"s740","Mandarin"
"s745","Spanish"
"s478","English"
"s479","German"
"s483","English"
"s485","Korean"
"s491","Portuguese"
"s494","English"
"s494","Japanese"
"s501","English"
"s501","Russian"
"s504","Polish"
"s505","Spanish"
"s517","Thai"
"s534","Hebrew"
"s534","Yiddish"
"s539","English"
"s547","Korean"
"s365","English"
"s367","English"
"s370","English"
"s374","French"
"s378","Polish"
"s386","German"
"s387","English"
"s389","English"
"s396","Spanish"
"s397","English"
"s397","Arabic"
"s397","German"
"s398","English"
"s398","Hindi"
"s400","English"
"s402","Spanish"
"s404","English"
"s429","Japanese"
"s431","English"
"s432","Portuguese"
"s552","Hindi"
"s557","Korean"
"s437","Arabic"
"s454","Japanese"
"s459","Filipino"
"s467","English"
"s468","Spanish"
"s469","French"
"s473","English"
"s572","Italian"
"s578","Arabic"
"s618","Swedish"
"s1428","English"
"s1428","Spanish"
"s1428","Russian"
"s1428","Greek"
"s1428","German"
"s1428","MORE"
"s1432","Turkish"
"s1433","Spanish"
"s1440","English"
"s1441","Spanish"
"s1369","Spanish"
"s1370","English"
"s1373","Indonesian"
"s1374","Turkish"
"s1381","English"
"s1384","English"
"s1393","Spanish"
"s1395","English"
"s1395","Czech"
"s1396","English"
"s1401","English"
"s1403","English"
"s1406","English"
"s1411","English"
"s1411","Hindi"
"s1411","Marathi"
"s1413","Korean"
"s1417","English"
"s1417","Spanish"
"s1450","English"
"s1456","English"
"s1461","Spanish"
"s1467","English"
"s1340","Portuguese"
"s1343","English"
"s1346","Chinese"
"s1349","English"
"s1259","French; English"
"s1261","Spanish"
"s1270","Indonesian"
"s1273","English"
"s1273","Japanese"
"s1276","English"
"s1294","Telugu"
"s1295","English"
"s1295","German"
"s1297","Korean"
"s1302","English"
"s1309","Russian"
"s1312","English"
"s1312","Hindi"
"s1312","Pidgin"
"s1312","Nigerian"
"s2921","English"
"s1314","English"
"s1320","Spanish"
"s1326","English"
"s1326","Swedish"
"s1327","Polish"
"s1329","English"
"s1329","Spanish"
"s1330","French"
"s1552","English"
"s297","English"
"s297","Hebrew"
"s298","Tamil"
"s308","English"
"s310","English"
"s311","English"
"s312","Spanish"
"s313","English"
"s321","English"
"s187","Korean"
"s191","Telugu"
"s199","English"
"s215","English"
"s219","English"
"s223","English"
"s227","Norwegian"
"s235","French"
"s237","Tamil"
"s238","Tamil"
"s239","Tamil"
"s240","Tamil"
"s243","English"
"s243","Hindi"
"s247","Min Nan Chinese"
"s247","Mandarin"
"s250","English"
"s253","German"
"s255","English"
"s262","English"
"s262","Portuguese"
"s272","English"
"s274","French"
"s277","Spanish"
"s278","Arabic"
"s280","English"
"s1086","Korean"
"s1088","Hindi"
"s1093","English"
"s1095","English"
"s958","English"
"s961","Spanish"
"s964","Spanish"
"s966","English"
"s966","Japanese"
"s968","English"
"s969","Polish"
"s973","Turkish"
"s989","Korean"
"s994","English"
"s999","English"
"s1003","Spanish"
"s1109","Malayalam"
"s1027","English"
"s1033","Korean"
"s1045","Japanese"
"s1051","Japanese"
"s1059","English"
"s1059","Italian"
"s1063","Korean"
"s1076","English"
"s1076","Japanese"
"s1076","Spanish"
"s1076","Portuguese"
"s1076","Marathi"
"s1081","Chinese"
"s1081","Mandarin"
"s1128","English"
"s2031","English"
"s2034","Spanish"
"s2037","Korean"
"s2038","Korean"
"s1927","English"
"s2053","English"
"s2054","English"
"s2054","Swedish"
"s1952","German"
"s1953","Hindi"
"s1956","Korean"
"s1960","English"
"s2056","German"
"s1974","English"
"s1974","Hindi"
"s1992","English"
"s1995","English"
"s1997","Spanish"
"s2003","Spanish"
"s79","Tamil"
"s2008","Spanish"
"s2012","English"
"s2012","Mandarin"
"s2013","Spanish"
"s2062","English"
"s1869","English"
"s1869","American Sign Language"
"s1870","Hindi"
"s1874","English"
"s1876","Korean"
"s1878","Korean"
"s1879","English"
"s1881","Russian"
"s1886","English"
"s1886","Hindi"
"s1776","English"
"s1776","Dinka language"
"s1778","Hindi"
"s1779","English"
"s1781","French"
"s1783","Italian"
"s1783","French"
"s1783","Romani"
"s1789","Polish"
"s1790","English"
"s1791","English"
"s1792","English"
"s1794","English"
"s1800","German"
"s1800","Latin"
"s1807","Tamil"
"s1898","Hindi"
"s1899","Italian"
"s1902","Spanish"
"s1835","Korean"
"s1838","English"
"s1840","French"
"s1841","Spanish"
"s1842","English"
"s1851","Indonesian"
"s1865","English"
"s3434","French"
"s1903","English"
"s1903","Malay"
"s1911","Portuguese"
"s1728","Mandarin"
"s1734","Spanish"
"s1741","Swedish"
"s1638","Spanish"
"s1639","English"
"s1639","Hindi"
"s1641","English"
"s1641","German"
"s1643","English"
"s1644","Korean"
"s1647","English"
"s1647","Arabic"
"s1647","Mesopotamian Arabic"
"s1650","Japanese"
"s1653","Tamil"
"s1654","Tamil"
"s1658","Spanish"
"s1667","English"
"s1671","Hindi"
"s1686","Japanese"
"s1688","English"
"s1699","English"
"s1707","Spanish"
"s3288","Spanish"
"s1716","Portuguese"
"s1719","English"
"s1721","German"
"s1759","English"
"s1759","Danish"
"s1767","Korean"
"s2551","Italian"
"s2554","English"
"s2554","French"
"s2558","Chinese"
"s2558","Cantonese"
"s916","German"
"s2561","Spanish"
"s921","English"
"s921","Spanish"
"s2460","English"
"s2473","Hindi"
"s2487","Korean"
"s2500","Spanish"
"s2566","Spanish"
"s2509","English"
"s2525","English"
"s2549","English"
"s937","Korean"
"s2588","English"
"s2588","Hindi"
"s2590","English"
"s2831","English"
"s2838","Spanish"
"s1238","Indonesian"
"s2751","Sanskrit"
"s2762","Korean"
"s2764","English"
"s2773","English"
"s2778","German"
"s2778","Yiddish"
"s2778","English"
"s2787","English"
"s2787","Spanish"
"s2787","German"
"s2787","Italian"
"s2789","Japanese"
"s2791","English"
"s2792","English"
"s2794","English"
"s2796","English"
"s2800","Japanese"
"s2801","Arabic"
"s1193","German; English (dubbed)"
"s2817","English"
"s2819","Norwegian"
"s2822","Korean"
"s2825","English"
"s2825","German"
"s2825","Icelandic"
"s1223","English"
"s2826","English"
"s2827","Spanish"
"s2827","English"
"s2828","Portuguese"
"s2413","Italian"
"s2413","Polish"
"s2413","English"
"s2421","Hindi"
"s2425","English"
"s622","Chinese"
"s628","Chinese"
"s2328","German"
"s2328","German Sign Language"
"s2332","English"
"s2338","Korean"
"s2345","Spanish"
"s2347","English"
"s2350","Korean"
"s666","Finnish"
"s670","Spanish"
"s2358","English"
"s2361","Turkish"
"s2364","English"
"s2364","Spanish"
"s2364","Russian"
"s2365","Japanese"
"s2379","English"
"s699","Filipino"
"s2390","Tamil"
"s2402","Polish"
"s2405","German"
"s2405","Italian"
"s2410","Portuguese"
"s2446","Hindi"
"s2255","Turkish"
"s2256","Korean"
"s2259","English"
"s541","English"
"s2293","Tamil"
"s2293","Hindi"
"s2293","Telugu"
"s2293","English"
"s2293","Kannada"
"s2185","English"
"s2187","Hindi"
"s2188","English"
"s2188","Afrikaans"
"s2188","Zulu"
"s2188","Tswana"
"s2190","English"
"s2298","Japanese"
"s2199","Polish"
"s2200","English"
"s2202","English"
"s2206","Mandarin"
"s2211","Spanish/ English"
"s2212","Japanese"
"s2213","Spanish"
"s2216","English"
"s2304","English"
"s2304","Spanish"
"s2228","English"
"s2237","Tamil"
"s2237","Hindi"
"s2237","Telugu"
"s2237","English"
"s2237","Kannada"
"s2246","Portuguese"
"s566","English"
"s2309","French; English; Spanish"
"s2314","English"
"s2320","Italian"
"s2972","Spanish"
"s2975","Italian"
"s2977","Spanish"
"s2981","English"
"s3047","Spanish"
"s2986","Hindi"
"s2992","Turkish"
"s2992","English"
"s2994","English"
"s2998","English"
"s2999","English"
"s2999","Japanese"
"s3000","Malay"
"s3000","Mandarin"
"s1394","English"
"s3050","English"
"s1404","Portuguese"
"s1409","English"
"s3025","English"
"s1420","English"
"s3036","English"
"s3037","Hindi"
"s1463","Korean"
"s3076","English"
"s2938","English"
"s2943","Korean"
"s1336","English"
"s1345","Italian"
"s2949","English"
"s2950","English"
"s2951","English"
"s1347","Polish"
"s2871","English"
"s2871","French"
"s2871","Russian"
"s2871","Swahili"
"s2871","Afrikaans"
"s2871","Xhosa"
"s2871","Zulu"
"s2871","Shona"
"s2871","Tsonga"
"s2871","Pretoria Sotho"
"s2875","English"
"s2875","Japanese"
"s2875","Spanish"
"s2876","Japanese"
"s2881","English"
"s2884","English"
"s2889","Korean"
"s2892","English"
"s2892","Spanish"
"s2895","Spanish"
"s2899","Hindi"
"s2901","Portuguese"
"s1352","Spanish"
"s1307","English"
"s2915","German"
"s2918","Hindi"
"s2922","Spanish"
"s2922","English"
"s2960","Korean"
"s1572","Italian"
"s1572","French"
"s1573","English"
"s1574","English"
"s1575","English"
"s1578","Portuguese"
"s1580","English"
"s1586","English"
"s1587","French"
"s1589","English"
"s1590","English"
"s1590","Hindi"
"s1593","German"
"s1595","Turkish"
"s1598","English"
"s1474","English"
"s1480","Italian"
"s1602","Portuguese"
"s1484","Mandarin"
"s1491","English"
"s1492","Hindi"
"s1504","Korean"
"s1506","English"
"s1604","English"
"s1517","Norwegian"
"s1521","Tamil"
"s1528","English"
"s1529","Korean"
"s1534","Spanish"
"s1536","English"
"s1536","Xhosa"
"s1536","Zulu"
"s1536","Southern Sotho"
"s1536","Tswana"
"s1546","English"
"s1551","English"
"s1553","English"
"s1557","English"
"s1560","Spanish"
"s1560","Galician"
"s1562","Hindi"
"s1563","Japanese"
"s8126","English"
"s8126","Korean"
"s2151","German"
"s2152","Spanish"
"s2153","English"
"s2154","German"
"s2163","Danish"
"s2163","Swedish"
"s2166","English"
"s2166","French"
"s2169","Portuguese"
"s2087","English"
"s2087","Hindi"
"s2089","Spanish"
"s2090","Japanese"
"s2092","Chinese"
"s2092","Mandarin"
"s2097","English"
"s230","English"
"s230","Spanish"
"s230","Nahuatl"
"s2104","Hindi"
"s2109","Korean"
"s2114","English"
"s261","English"
"s261","German"
"s2123","English"
"s2125","Danish"
"s2130","English"
"s2133","English"
"s2134","English"
"s2135","Spanish"
"s2141","English"
"s332","Japanese"
"s2175","English"
"s1085","Chinese"
"s2700","French"
"s1098","English"
"s1100","Cameroonian Pidgin English"
"s2598","English"
"s2599","Japanese"
"s2602","Portuguese"
"s2604","Taiwanese Mandarin"
"s2712","Spanish"
"s2607","Korean"
"s2629","English"
"s2641","English"
"s2644","Turkish"
"s2649","Spanish"
"s2651","Korean"
"s2666","Korean"
"s2669","French"
"s2671","Hindi"
"s2672","German"
"s1032","German"
"s2677","Arabic"
"s2677","Hebrew"
"s2677","English"
"s1061","English"
"s1061","Hindi"
"s2694","English"
"s2694","Italian"
"s2698","English"
"s2698","Mandarin"
"s1123","Hindi/english"
"s2728","English"
"s2742","Tamil"
"s2749","Chinese"
"s3535","English"
"s3538","Tamil"
"s3482","English"
"s3482","Hindi"
"s3482","Urdu"
"s3484","Spanish"
"s3490","English"
"s3492","Korean"
"s6817","Vietnamese"
"s3495","English"
"s1971","Arabic"
"s3502","French"
"s3503","German"
"s3504","Spanish"
"s3507","Spanish"
"s3507","Catalan"
"s122","Korean"
"s3511","Korean"
"s3522","French"
"s3523","Mandarin"
"s3525","English"
"s3526","English"
"s3527","English"
"s3528","English"
"s88","English"
"s7684","English"
"s3445","English"
"s3445","Spanish"
"s3446","Korean"
"s3450","English"
"s3454","English"
"s3456","English"
"s3358","Thai"
"s3362","Korean"
"s3458","English"
"s3365","English"
"s3374","Spanish"
"s3382","Chinese"
"s3383","English"
"s1799","French"
"s1799","Portuguese"
"s3386","English"
"s3387","English"
"s3459","English"
"s3460","Spanish"
"s3399","English"
"s3413","Hindi"
"s3416","English"
"s3426","French"
"s3429","English"
"s3430","English"
"s3431","English"
"s3435","Spanish"
"s3438","Japanese"
"s1907","English"
"s1924","English"
"s3298","French"
"s3299","Spanish"
"s1729","Spanish"
"s3313","Tamil"
"s3314","English"
"s3314","Hebrew"
"s3208","English"
"s3208","French"
"s3208","Wolof"
"s3209","English"
"s3223","French"
"s3244","Portuguese"
"s3246","English"
"s3247","English"
"s1666","Swahili"
"s3252","Telugu"
"s3253","German"
"s3254","Spanish"
"s3256","French"
"s3258","Thai"
"s1694","Japanese"
"s3267","Spanish"
"s3268","Telugu"
"s3270","English"
"s3274","Spanish"
"s3274","English"
"s3274","Saami"
"s3274","North"
"s3276","English"
"s3282","Thai"
"s3292","Chinese"
"s3292","Mandarin"
"s1749","English"
"s1760","English"
"s1760","Danish"
"s1761","English"
"s3338","English"
"s3345","English"
"s3353","German"
"s2557","Arabic"
"s3853","Korean"
"s3857","English"
"s3859","English"
"s3859","Russian"
"s3790","Portuguese"
"s3861","Spanish"
"s2470","Mandarin"
"s3801","English"
"s3802","English"
"s2474","English"
"s2517","Italian"
"s3813","English"
"s3821","English"
"s3821","French"
"s3821","German"
"s3821","Dutch"
"s2522","Spanish"
"s2529","Korean"
"s2533","Indonesian"
"s3830","English"
"s3834","French"
"s3839","Portuguese"
"s3841","English"
"s939","Hindi"
"s2586","Italian"
"s2586","English"
"s4035","French"
"s2835","French"
"s2753","Hindi"
"s2774","English"
"s2774","Hungarian"
"s3981","Spanish"
"s3988","French"
"s3999","Japanese"
"s2799","English"
"s2811","Hindi"
"s2824","Korean"
"s4025","Spanish"
"s4025","English"
"s4025","Portuguese"
"s4055","English"
"s4063","English"
"s4063","Chewa"
"s3768","German"
"s3771","English"
"s3780","English"
"s3702","Tamil"
"s3706","English"
"s3708","English"
"s3718","English"
"s3718","Thai"
"s3718","Indonesian"
"s3718","Mandarin"
"s3722","English"
"s3723","Spanish"
"s3728","English"
"s3731","French"
"s3731","English"
"s781","English"
"s3781","Korean"
"s2372","Filipino"
"s3744","Spanish"
"s3747","French"
"s3748","Portuguese"
"s3749","Spanish"
"s3751","Hindi"
"s2444","Arabic"
"s3786","English"
"s7236","Hindi"
"s524","English"
"s3685","Japanese"
"s3635","English"
"s2294","Spanish"
"s2294","English"
"s3687","English"
"s2197","Chinese"
"s2197","Italian"
"s2197","English"
"s2197","Polish"
"s2197","Cantonese"
"s3639","Tagalog"
"s3639","Filipino"
"s3640","French"
"s3641","Korean"
"s3643","English"
"s2221","Chinese"
"s2221","English"
"s2221","Cantonese"
"s436","Korean"
"s554","French"
"s3691","Korean"
"s3655","English"
"s3657","Korean"
"s457","Korean"
"s462","Arabic"
"s3670","Swedish"
"s3672","English"
"s3673","German"
"s3674","Korean"
"s3675","Chinese"
"s3675","Taiwanese Mandarin"
"s7319","Hindi"
"s570","Vietnamese"
"s2305","English"
"s2305","Italian"
"s2987","Tamil"
"s4173","English"
"s3051","French"
"s3051","German"
"s3051","Dutch"
"s3024","English"
"s3024","Spanish"
"s3024","French"
"s3024","Korean"
"s3027","English"
"s3030","English"
"s3030","Spanish"
"s3030","Polish"
"s4203","English"
"s3035","English"
"s3035","Japanese"
"s3057","English; Hindi"
"s4228","English"
"s4228","Japanese"
"s4133","Korean"
"s2869","Spanish"
"s2872","Spanish"
"s4086","Marathi"
"s4088","French"
"s1296","Hindi"
"s4106","English"
"s2924","Thai"
"s1317","Kannada"
"s1321","English"
"s1321","Luxembourgish"
"s1321","French"
"s1321","German"
"s1366","French"
"s2963","French"
"s2963","English"
"s2963","Hindi"
"s2963","Arabic"
"s2963","Korean"
"s2963","Hebrew"
"s2964","Dutch"
"s4143","English"
"s4143","German"
"s4143","Hungarian"
"s1579","Arabic"
"s3166","English"
"s3174","Japanese"
"s3175","Portuguese"
"s3176","English"
"s3177","Spanish"
"s3178","Mandarin"
"s3178","Taiwanese Mandarin"
"s3183","English"
"s1476","Indonesian"
"s3078","Telugu"
"s1478","English"
"s3089","Japanese"
"s1599","Filipino"
"s8301","Portuguese"
"s3090","Japanese"
"s3096","French"
"s3105","Spanish"
"s3107","English"
"s3117","Spanish"
"s3117","Italian"
"s3117","Latin"
"s3117","English"
"s3117","French"
"s3117","German"
"s3117","Portuguese"
"s3122","English"
"s1568","Filipino"
"s3192","Filipino"
"s3605","Portuguese"
"s3616","English"
"s3616","Cantonese"
"s3617","Hindi"
"s3551","English"
"s3556","English"
"s3563","Japanese"
"s3569","Tamil"
"s3569","Telugu"
"s3570","Tamil"
"s3570","Telugu"
"s3571","Tamil"
"s3571","Telugu"
"s3572","English"
"s3577","Spanish"
"s3578","Russian"
"s3580","Spanish"
"s3580","Portuguese"
"s3581","English"
"s3582","English"
"s6465","English; Hindi"
"s3593","English"
"s3595","Tamil"
"s3598","English"
"s290","Korean"
"s2146","Japanese"
"s3943","English"
"s3944","English"
"s3947","Korean"
"s2600","Spanish"
"s2711","English"
"s2608","Japanese"
"s975","Hindi"
"s2643","Tamil"
"s2650","Indonesian trans. to English"
"s1011","Hindi"
"s2715","Japanese"
"s1015","English"
"s1015","French"
"s3897","English"
"s3902","Japanese"
"s3905","Italian"
"s2674","Spanish; Basque; English"
"s1064","English"
"s1075","Hindi"
"s3922","Spanish"
"s3926","English"
"s3926","French"
"s3931","English"
"s3931","American Sign Language"
"s3932","English"
"s2740","Japanese"
"s2740","English"
"s2740","Dutch"
"s5962","Hindi"
"s4656","English"
"s4658","English"
"s4660","French"
"s3532","Telugu"
"s2052","Indonesian"
"s4619","English"
"s4619","Mandarin"
"s4620","English"
"s4624","English"
"s4625","Indonesian"
"s3489","Spanish"
"s22","Turkish"
"s4628","English"
"s4663","English"
"s4663","Thai"
"s6162","English"
"s6667","Malayalam"
"s4638","Spanish"
"s4639","Spanish"
"s4644","Chinese"
"s4644","Mandarin"
"s4647","Italian"
"s4649","English"
"s4650","Dutch"
"s2016","Marathi"
"s3541","English"
"s4670","Korean"
"s4533","English"
"s4536","Korean"
"s1773","English"
"s1773","German"
"s1773","Norwegian"
"s1773","Saami"
"s1773","North"
"s4470","Japanese"
"s4478","Telugu"
"s3376","Spanish"
"s3381","German"
"s3381","Hebrew"
"s3381","Yiddish"
"s7814","English"
"s3388","English"
"s3388","Chinese"
"s3388","Cantonese"
"s3388","Mandarin"
"s1831","Arabic"
"s3392","English"
"s4490","English"
"s4496","English"
"s4498","English"
"s4501","English"
"s4501","French"
"s4501","Indonesian"
"s4501","Cantonese"
"s3400","English"
"s3400","Afrikaans"
"s1848","Welsh"
"s1848","English"
"s4513","Basque"
"s4513","Spanish"
"s4515","English"
"s4516","Indonesian"
"s3436","Japanese"
"s1908","Korean"
"s3464","Hindi"
"s3471","Korean"
"s4577","Punjabi"
"s4590","English"
"s4406","English"
"s4406","Portuguese"
"s4351","English"
"s4351","Russian"
"s4351","Vietnamese"
"s4351","Polish"
"s4353","English"
"s4354","English"
"s4356","Italian"
"s7677","Mandarin; English; Arabic"
"s4367","Spanish"
"s4370","English"
"s4375","Indonesian"
"s1748","English"
"s4416","English"
"s4384","French"
"s4385","English"
"s4388","English"
"s4388","Portuguese"
"s4395","Tamil"
"s1754","English"
"s1770","Korean"
"s4875","English"
"s3866","Korean"
"s4847","English"
"s7832","Korean"
"s7832","Dutch"
"s4848","Spanish"
"s4849","Korean"
"s7280","English"
"s8647","English"
"s4866","English"
"s4868","English"
"s3837","Spanish"
"s945","English; Mandarin"
"s8138","Hindi"
"s8627","English"
"s4992","Japanese"
"s4994","English"
"s4994","Japanese"
"s4995","Korean"
"s6320","Galician"
"s6320","Spanish"
"s7034","Korean"
"s3972","Japanese"
"s7650","English"
"s7650","French"
"s1160","Spanish"
"s3978","Spanish"
"s3983","Spanish"
"s3983","English"
"s5001","English"
"s4979","Spanish"
"s4981","English"
"s4007","Spanish"
"s4007","Catalan"
"s4014","English"
"s4014","Portuguese"
"s4014","Malay"
"s4014","Somali"
"s4029","English"
"s4064","Japanese"
"s4065","Spanish"
"s4065","Portuguese"
"s4065","Paraguayan GuaranÃ­"
"s4067","Spanish"
"s6158","English"
"s752","Hindi"
"s2416","English"
"s4808","English"
"s4810","English"
"s634","Polish"
"s4818","French"
"s6533","English"
"s660","Thai"
"s662","French"
"s680","Thai"
"s3741","Hindi"
"s4826","Hindi"
"s4832","English"
"s2450","Japanese"
"s4842","English"
"s4842","French"
"s6821","Hindi"
"s538","Japanese"
"s4781","English"
"s4781","Italian"
"s4784","Spanish"
"s7473","English"
"s7473","Polish"
"s4752","English"
"s4759","English"
"s4764","Japanese"
"s3659","Marathi"
"s3693","English"
"s3696","English"
"s3696","French"
"s5093","Japanese"
"s4213","English"
"s4213","Icelandic"
"s1378","Scottish Gaelic"
"s1378","English"
"s1378","French"
"s1378","Scots"
"s4163","English"
"s4163","Taiwanese Mandarin"
"s4164","English"
"s7009","English"
"s5070","English"
"s5074","English"
"s3023","Assamese"
"s4193","Korean"
"s3029","English"
"s3029","French"
"s5083","English"
"s4208","Spanish"
"s4208","Hebrew"
"s3056","Japanese"
"s4222","Tamil"
"s5043","English"
"s5044","Georgian"
"s4125","Spanish"
"s6606","Mandarin"
"s4083","Spanish"
"s2891","English"
"s4092","Japanese"
"s4092","Korean"
"s1289","English"
"s1289","Spanish"
"s5049","English"
"s1304","English"
"s5036","English"
"s5038","English"
"s1310","English"
"s4100","English"
"s4117","Spanish"
"s2927","English"
"s7289","Danish"
"s1584","Korean"
"s4317","German"
"s4321","English"
"s4321","Japanese"
"s3084","Korean"
"s3084","English"
"s3086","English"
"s4242","Chinese"
"s4242","Mandarin"
"s4244","Japanese"
"s4327","Korean"
"s4253","Spanish"
"s4257","English"
"s4258","Hindi"
"s3092","Spanish"
"s7043","English"
"s4268","English"
"s4268","French"
"s4328","Korean"
"s4284","Hindi"
"s4285","English"
"s3125","Bengali"
"s4309","Korean"
"s4309","Japanese"
"s4310","English"
"s4312","English"
"s1556","French"
"s4709","Spanish"
"s4712","English"
"s4716","Japanese"
"s4716","Cantonese"
"s4716","Mandarin"
"s4677","English"
"s4677","Japanese"
"s4677","Hindi"
"s4677","Spanish"
"s4677","French"
"s4677","Chinese"
"s4677","Korean"
"s4677","German"
"s4677","Portuguese"
"s4677","Italian"
"s4678","Spanish"
"s6332","English"
"s4719","English"
"s7405","English"
"s6259","Russian"
"s4690","Norwegian"
"s4690","Swedish"
"s4690","Finnish"
"s260","Nepali"
"s4697","English"
"s4705","English"
"s4742","Japanese"
"s4743","Japanese"
"s3933","Tamil"
"s7362","Hindi"
"s3887","Spanish"
"s4908","English"
"s4913","English"
"s4919","Korean"
"s2654","Polish"
"s2661","Spanish"
"s1007","Hindi"
"s4926","French"
"s2683","Filipino"
"s4930","French"
"s7674","English"
"s90","Hindi"
"s90","English"
"s90","Telugu"
"s90","Tamil"
"s5278","English"
"s5286","English"
"s5259","English"
"s5263","Japanese"
"s5270","English"
"s4636","Arabic"
"s4636","Lebanese Arabic"
"s7926","Bengali"
"s6760","English"
"s8090","English"
"s5289","Vietnamese"
"s5289","Taiwanese Mandarin"
"s5290","English"
"s5290","Taiwanese Mandarin"
"s5298","Japanese"
"s5303","English"
"s5306","Spanish"
"s5306","English"
"s5314","Spanish"
"s5232","Japanese"
"s7243","English"
"s7243","Hindi"
"s7243","Mandarin"
"s5211","English"
"s5211","Spanish"
"s4540","English"
"s7796","English"
"s7796","Hindi"
"s4507","Bengali"
"s6602","Hindi"
"s8577","Mandarin"
"s3463","Korean"
"s8027","Spanish"
"s4565","Hindi"
"s4565","Urdu"
"s4604","Punjabi"
"s5250","Spanish"
"s4403","German"
"s5181","English"
"s3216","English"
"s3216","Hindi"
"s3216","French"
"s3216","Telugu"
"s3216","Korean"
"s3216","Turkish"
"s3216","Cantonese"
"s3216","Mandarin"
"s1648","Filipino"
"s8108","Korean"
"s5155","Japanese"
"s1662","Korean"
"s5159","English"
"s5160","English"
"s4373","Hindi"
"s8468","Korean"
"s4380","Mandarin"
"s4390","Japanese"
"s6484","English"
"s5176","English"
"s5178","Korean"
"s7015","English; Spanish"
"s912","English"
"s912","Hindi"
"s5495","English"
"s5471","English"
"s5476","English"
"s5476","Hindi"
"s5476","Urdu"
"s5476","Hindustani"
"s5477","Japanese"
"s5480","English"
"s6442","Urdu"
"s4886","Hindi"
"s4886","Korean"
"s4887","Malayalam"
"s7347","Gujarati"
"s4998","Norwegian"
"s4045","Korean"
"s7376","Italian"
"s6390","Hindi"
"s6573","Taiwanese Mandarin"
"s5976","Icelandic"
"s5567","English"
"s5570","Japanese"
"s7007","English"
"s7007","Dutch"
"s4022","Tagalog"
"s4022","Filipino"
"s5579","English"
"s5440","Korean"
"s5416","Korean"
"s5416","English"
"s2349","English"
"s5429","English"
"s5429","Italian"
"s3745","French"
"s4828","Spanish"
"s4830","Spanish"
"s4831","English"
"s4831","Hindi"
"s6645","English"
"s5436","Korean"
"s2453","Korean"
"s2454","Korean"
"s8506","Korean"
"s4841","Thai"
"s518","Japanese"
"s8015","Italian"
"s5368","English"
"s5375","Spanish"
"s5375","English"
"s3677","English"
"s3677","French"
"s3677","Chinese"
"s3677","German"
"s3677","Italian"
"s3677","Danish"
"s3677","Wolof"
"s4777","Hebrew"
"s6554","Malayalam"
"s8572","Malayalam"
"s5089","Hindi"
"s5089","Telugu"
"s5089","Tamil"
"s6113","English"
"s4216","English"
"s4216","Taiwanese Mandarin"
"s5071","Japanese"
"s5076","English"
"s5076","Spanish"
"s4191","Tamil"
"s4196","Indonesian"
"s4207","Spanish"
"s4207","English"
"s3053","Korean"
"s3064","Korean"
"s3067","English"
"s3075","Korean"
"s3077","Korean"
"s4224","Japanese"
"s7142","Punjabi"
"s7365","Bengali"
"s1338","English"
"s1338","Bengali"
"s5023","Korean"
"s5026","Spanish"
"s5592","English"
"s5592","Spanish"
"s5032","Korean"
"s5051","Hungarian"
"s5052","Korean"
"s7441","Korean"
"s2911","English"
"s4112","Spanish"
"s8235","English"
"s8235","German"
"s8235","Hebrew"
"s6093","Hindi"
"s7239","English"
"s7239","Hindi"
"s7239","Punjabi"
"s7740","Hindi"
"s5104","English"
"s5104","French"
"s6202","English"
"s6202","Swedish"
"s3102","English"
"s3102","Japanese"
"s3102","French"
"s5120","Korean"
"s1527","Filipino"
"s5139","Polish"
"s5144","Georgian"
"s6301","Hindi"
"s5346","English"
"s4679","Spanish"
"s5318","English"
"s5318","German"
"s5318","Russian"
"s7292","Russian"
"s5322","English"
"s5328","Japanese"
"s6160","Hindi"
"s4937","Spanish"
"s2632","Korean"
"s5521","English"
"s5522","English"
"s5524","English"
"s5525","English"
"s1037","English"
"s7132","Russian"
"s4950","English"
"s4950","Swedish"
"s8511","Russian"
"s8425","Spanish"
"s7851","English"
"s6080","Korean"
"s105","Korean"
"s3537","Urdu"
"s8288","English"
"s1954","Turkish"
"s5268","English"
"s5801","English"
"s154","Russian"
"s154","English"
"s2061","English"
"s5309","English"
"s5309","French"
"s5309","Italian"
"s5309","Hungarian"
"s5312","Chinese"
"s3448","English"
"s3359","Korean"
"s5740","French"
"s5744","Spanish"
"s4500","Cantonese"
"s4500","Mandarin"
"s3417","Korean"
"s5224","Turkish"
"s1909","Japanese"
"s3474","Korean"
"s4586","Punjabi"
"s4616","Urdu"
"s5249","Norwegian"
"s6488","English"
"s8763","Gujarati"
"s5777","Dutch"
"s1745","English"
"s5708","English"
"s5709","English"
"s5154","English"
"s3322","English"
"s4381","Spanish"
"s5720","English"
"s8208","Portuguese"
"s3342","Japanese"
"s5188","Spanish"
"s5189","English"
"s5189","Arabic"
"s5190","German"
"s5190","Swedish"
"s3849","Malay"
"s2467","English"
"s844","Japanese"
"s7215","Thai"
"s8059","Thai"
"s6647","English"
"s6647","Korean"
"s5487","English"
"s5487","German"
"s5487","Czech"
"s4899","French"
"s5502","French"
"s5503","French"
"s5508","Catalan; Spanish; French"
"s4044","English"
"s4972","English"
"s4972","Dutch"
"s6757","Italian"
"s8614","Korean"
"s4983","Japanese"
"s4984","Swedish"
"s7397","English"
"s7397","Hindi"
"s5021","Hindi"
"s2334","English"
"s651","Portuguese"
"s656","Romanian"
"s7893","Thai"
"s7350","Thai"
"s7566","Marathi"
"s5459","Korean"
"s5465","Danish"
"s5466","Chinese"
"s7761","English"
"s7761","Korean"
"s511","English"
"s7514","Hindi"
"s8033","English"
"s8033","Mongolian"
"s8033","Mandarin"
"s5829","English"
"s6336","English"
"s7377","Japanese"
"s591","Japanese"
"s6771","Korean"
"s5403","Spanish"
"s5412","Spanish"
"s5090","Malay"
"s5642","Persian"
"s5625","French"
"s7992","Russian"
"s7992","Hebrew"
"s5872","English"
"s4195","Indonesian"
"s7671","Korean; English"
"s8028","English"
"s5865","English"
"s5865","Japanese"
"s5865","Mandarin"
"s5593","Korean"
"s5598","Spanish"
"s5602","Korean"
"s1322","Spanish"
"s8109","Portuguese"
"s5055","English"
"s5683","Russian"
"s5683","English"
"s5683","Romanian"
"s5683","Slovenian"
"s6792","Spanish"
"s5685","Taiwanese Mandarin"
"s3179","English"
"s3179","Nigerian Pidgin (NaijÃ¡)"
"s8325","English"
"s3085","English"
"s5656","English"
"s1507","English"
"s5660","English"
"s5662","English"
"s5663","English"
"s3128","Korean"
"s3200","Korean"
"s5147","Arabic"
"s2161","English"
"s7673","English"
"s7673","Thai"
"s7673","Cantonese"
"s7673","Burmese"
"s7673","Lao"
"s7673","Mandarin"
"s204","Hindi"
"s5808","Japanese"
"s5810","Korean; English"
"s7724","Malay"
"s7824","Mandarin; Japanese"
"s329","English"
"s5353","Taiwanese Mandarin"
"s6281","English"
"s5826","Spanish"
"s1087","English"
"s5853","American Sign Language"
"s5540","Spanish"
"s8293","English"
"s8293","Portuguese"
"s5532","French"
"s5538","Korean"
"s8392","Hindi"
"s6220","Spanish"
"s5857","Japanese"
"s6956","English"
"s6319","English"
"s7332","French"
"s6872","Italian"
"s6872","Neapolitan language"
"s6872","Neapolitan dialect"
"s8685","Korean"
"s6431","Thai"
"s2050","English"
"s2050","Tagalog"
"s2050","Filipino"
"s5261","Arabic"
"s5261","French"
"s5261","Moroccan Arabic"
"s8559","English"
"s8559","Early Modern English"
"s142","English"
"s155","Japanese"
"s6051","Dutch"
"s6357","Dutch"
"s5889","English"
"s6888","Hindi"
"s8113","Italian"
"s8113","French"
"s8113","Romani"
"s5764","Korean"
"s5779","Hindi"
"s5185","Malay"
"s3231","Arabic"
"s7669","English"
"s5886","English"
"s3328","English"
"s3847","Malay"
"s3848","Malay"
"s8576","Korean"
"s8796","Japanese"
"s7701","Spanish; Bube; Pichinglis; Aragonese"
"s1149","Korean"
"s5568","English"
"s1212","Turkish"
"s7160","Marathi"
"s8714","Hindi"
"s7538","English"
"s7985","Ukrainian"
"s7985","Russian"
"s816","English"
"s816","French"
"s816","German"
"s816","Latin"
"s816","Finnish"
"s5842","Chinese"
"s5842","English"
"s5842","Cantonese"
"s523","Korean"
"s523","English"
"s536","English"
"s5903","English"
"s5903","German"
"s6874","Turkish"
"s8120","Danish"
"s3695","English"
"s6981","Urdu"
"s8648","Marathi"
"s8103","English"
"s4070","Filipino"
"s2882","Korean"
"s5590","Portuguese"
"s7102","Korean"
"s8483","English"
"s4105","Danish"
"s6547","Marathi"
"s5619","Hindi"
"s6455","Punjabi"
"s5687","English"
"s5687","French"
"s5687","German"
"s4255","Hebrew"
"s4280","Japanese"
"s3127","Hindi"
"s5665","German"
"s1619","English"
"s5140","Malay"
"s6668","Punjabi"
"s7448","Spanish"
"s7448","Catalan"
"s3613","Korean"
"s6083","Spanish"
"s258","Tamil"
"s258","Telugu"
"s258","Malayalam"
"s5365","French"
"s7344","English"
"s7344","French"
"s3894","English"
"s3952","Tamil"
"s6548","Turkish"
"s6751","Turkish"
"s7047","Thai"
"s1983","Telugu"
"s1983","Tamil"
"s1987","Telugu"
"s1987","Tamil"
"s6188","Latin"
"s6188","English"
"s6188","French"
"s51","Hindi"
"s6654","English"
"s6654","Urdu"
"s6654","Pashto"
"s3424","Turkish"
"s4564","Hindi"
"s4573","Punjabi"
"s5926","English"
"s5926","French"
"s5926","Swahili"
"s5926","Lingala"
"s5923","Norwegian"
"s5923","English"
"s6023","Kannada"
"s7889","Punjabi"
"s6127","English"
"s4040","English"
"s4040","Tagalog"
"s4040","Filipino"
"s8497","English"
"s8497","Spanish"
"s8497","Danish"
"s7916","Turkish"
"s8575","Thai"
"s5016","English"
"s8125","Hindi"
"s753","English"
"s8117","English"
"s8117","French"
"s8117","German"
"s3738","Japanese"
"s3738","English"
"s2451","Japanese"
"s2275","Hindi"
"s7481","Korean"
"s8116","Hebrew"
"s7226","Norwegian"
"s4071","English"
"s4071","Tagalog"
"s4071","Filipino"
"s8404","Javanese"
"s8404","Indonesian"
"s8404","Finnish"
"s4290","English"
"s1544","English"
"s1612","English"
"s4336","Hindi"
"s3607","English"
"s2126","Arabic"
"s339","Japanese"
"s339","English"
"s2176","Japanese"
"s8750","Turkish"
"s7296","Turkish"
"s3923","Turkish"
"s6659","Portuguese"
"s6659","English"
"s125","Indonesian"
"s125","Korean"
"s125","Japanese"
"s125","English"
"s125","Spanish"
"s125","Turkish"
"s125","Chinese"
"s125","Russian"
"s125","Vietnamese"
"s125","Portuguese"
"s125","Thai"
"s7721","Thai"
"s5294","English"
"s5294","Japanese"
"s1785","English"
"s1785","Tagalog"
"s1785","Filipino"
"s4497","Telugu; Malayalam"
"s6169","Hindi"
"s3326","English"
"s3271","Korean"
"s3271","English"
"s3271","Tamil"
"s6866","Japanese"
"s8680","Hindi"
"s8680","Tamil"
"s8680","Telugu"
"s8680","English"
"s6636","English"
"s7103","Hindi"
"s2292","Hindi"
"s7354","English"
"s7391","English"
"s7391","Korean"
"s7391","Catalan"
"s7391","Cantonese"
"s7391","Mandarin"
"s5936","Swedish"
"s5936","Danish"
"s5936","English"
"s7631","English"
"s6856","English"
"s6856","Tagalog"
"s6856","Filipino"
"s7792","Marathi"
"s1570","Arabic"
"s1603","Filipino"
"s303","Portuguese"
"s7217","Malay"
"s6095","1250â€“3000 native languages"
"s3924","Turkish"
"s2065","Danish"
"s4504","English"
"s4504","French"
"s5748","English"
"s5748","Japanese"
"s5770","Russian"
"s6426","English"
"s6426","Spanish"
"s4447","Tamil"
"s2504","Tamil"
"s2504","Telugu"
"s7349","English"
"s7349","Korean"
"s7349","Indonesian"
"s5384","Mandarin"
"s2267","Tamil"
"s7549","English"
"s7549","Chinese"
"s425","English"
"s425","Hindi"
"s5388","French"
"s5393","English"
"s6157","Mandarin"
"s7060","English"
"s7780","English"
"s1350","Spanish"
"s4079","Filipino; English"
"s5871","Russian"
"s5676","Korean"
"s3615","Korean"
"s205","Hindi"
"s4736","Hindi"
"s7224","Norwegian"
"s2718","English"
"s2718","Hindi"
"s2718","Tamil"
"s2718","Telugu"
"s7308","English"
"s7308","Scots"
"s1675","English"
"s860","Arabic"
"s6057","Persian"
"s6057","English"
"s5915","English"
"s3761","Indonesian"
"s3761","Malay"
"s3761","English"
"s3761","Malaysian"
"s3665","Japanese"
"s3665","English"
"s1422","French"
"s1422","English"
"s7774","English"
"s1258","Japanese"
"s6734","Marathi"
"s6839","Italian"
"s4278","Mandarin-English"
"s1540","English"
"s1540","Japanese"
"s4330","English"
"s4330","Chinese"
"s4330","Cantonese"
"s4330","Mandarin"
"s7628","English"
"s7628","Japanese"
"s356","English"
"s7099","English"
"s7352","Nepali"
"s1017","Hindi"
"s1017","English"
"s1017","Hinglish"
"s1017","Urdu"
"s1929","Japanese"
"s5806","Mandarin"
"s8516","English"
"s8516","Russian"
"s6277","Turkish"
"s6908","Marathi"
"s7833","Marathi"
"s599","Italian"
"s599","English"
"s610","English"
"s5875","Cantonese"
"s5875","English"
"s5875","Mandarin"
"s5097","Japanese"
"s5097","English"
"s2916","Afrikaans"
"s8166","Spanish"
"s1509","English"
"s8593","English"
"s6664","Taiwanese Mandarin"
"s2503","Arabic"
"s2503","Hebrew"
"s2503","Egyptian Arabic"
"s2518","Korean"
"s2518","Indonesian"
"s2518","English"
"s7022","English"
"s6058","English"
"s6058","Hebrew"
"s6058","Yiddish"
"s1523","English"
"s1523","Hindi"
"s1523","Tamil"
"s1523","Malayalam"
"s1523","Malay"
"s1523","Cantonese"
"s1523","Mandarin"
"s1523","Malaysian Sign Language"
"s314","Taiwanese"
"s314","Mandarin"
"s7811","Indonesian"
"s7811","Taiwanese Mandarin"
"s7811","Taiwanese"
"s7811","Mandarin"
"s6749","English"
"s3224","Russian"
"s3224","German"
"s3224","English"
"s8000","Hindi"
"s4839","English"
"s4839","French"
"s5982","English"
"s5387","English"
"s5387","Mandarin"
"s8044","English"
"s8044","Spanish"
"s8308","English"
"s8308","Cantonese"
"s8308","Mandarin"
"s5633","German"
"s323","Korean"
"s208","Hindi"
"s2181","Japanese"
"s1946","Hindi"
"s5299","Japanese"
"s4872","German"
"s5957","Danish"
"s513","French"
"s513","English"
"s3651","Cantonese"
"s4471","Chinese"
"s4471","Catalan"
"s4471","Cantonese"
"s3352","Spanish"
"s8397","German"
"s8397","English"
"s804","Japanese"
"s3069","Spanish"
"s7769","English"
"s4108","Hindi"
"s1549","English"
"s3134","Tamil"
"s2731","Hindi"
"s8048","Hindi"
"s1423","Hindi"
"s7773","English"
"s7387","Hindi"
"s320","Taiwanese Mandarin"
"s320","Mandarin"
"s4651","Korean"
"s8014","Japanese"
"s8014","English"
"s2319","French"
"s7841","Spanish"
"s7841","English"
"s7240","Cantonese"
"s7240","Mandarin"
"s3264","English"
"s3264","Mandarin"
"s7711","Spanish"
"s7913","English"
"s2733","English"
"s2733","Hindi"
"s2733","Punjabi"
"s2733","Gujarati"
"s2733","Urdu"
"s2070","f origin: Latin language"
"s3277","Mandarin"
"s6489","Portuguese"
"s6489","English"
"s4109","Hindi"
"s6610","Italian"
"s6610","English"
"s6610","Spanish"
"s6610","Korean"
"s6610","German"
"s6610","Icelandic"
"s6611","Hindi"
"s658","English"
"s206","Hindi"
"s6544","Chinese"
"s6544","Hindi"
"s6544","Mandarin"
"s7746","Spanish"
"s5463","Hindi"
"s27","Hindi"
"s27","Telugu"
"s27","Tamil"
"s23","Hindi"
"s23","Telugu"
"s23","Tamil"
"s7786","Hindi"
"s7901","English"
"s7901","Cantonese"
"s7901","Mandarin"
"s6247","Hindi"
"s6247","Urdu"
"s2362","Arabic"
"s7184","Hindi"
"s814","English"
"s814","French"
"s5482","Hindi"
"s6457","English"
"s1823","French"
"s6348","English"
"s4245","English"
"s5305","Hindi"
"s8524","English"
"s7879","English"
"s6706","Spanish"
"s304","Spanish"
"s7074","English"
"s7074","Sinhala"
"s1863","Hindi"
"s1863","English"
"s1863","Urdu"
"s7558","Hindi"
"s7945","Hindi"
"s7882","English"
"s7161","Hindi"
"s7189","Hindi"
"s8143","Cantonese"
"s6675","Spanish"
"s5613","German"
"s5304","Hindi"
"s7059","French"
"s7059","Italian"
"s7059","Hungarian"
"s6702","English"
"s6702","Cantonese"
"s4551","English"
"s4551","German"
"s7225","Hindi"
"s6032","Nadsat"
"s6032","English"
"s2369","Arabic"
"s2369","Egyptian Arabic"
"s2376","Arabic"
