"show_id","Genres"
"s93","Drama"
"s93","Apocalyptic and post-apocalyptic fiction"
"s93","Thriller"
"s96","Reality television"
"s98","Adventure"
"s98","Superhero fiction"
"s98","Comedy drama"
"s98","Action fiction"
"s98","Science fiction comedy"
"s107","Sitcom"
"s107","Television comedy"
"s107","Teen sitcom"
"s109","Drama"
"s109","Adolescence"
"s110","Heist"
"s110","Drama"
"s110","Thriller"
"s110","Crime film"
"s2","Drama"
"s11","Television documentary"
"s16","Satire"
"s16","Comedy drama"
"s16","Comedy"
"s21","Television documentary"
"s26","Reality show"
"s126","Television comedy"
"s126","Action fiction"
"s126","Spy-fi"
"s32","Adult animation"
"s32","Animated sitcom"
"s34","Action"
"s34","Thriller"
"s34","Mystery"
"s34","Drama"
"s34","Survival"
"s34","Horror fiction"
"s34","Action fiction"
"s40","Animated series"
"s40","Animation"
"s40","Action fiction"
"s56","Reality television"
"s73","Comedy"
"s73","Travel documentary"
"s83","Comedy drama"
"s83","Police procedural"
"s83","Urban fantasy"
"s83","Mystery"
"s83","Occult detective fiction"
"s83","Crime TV genre"
"s182","Television documentary"
"s909","Superhero fiction"
"s909","Drama"
"s920","Television documentary"
"s831","Sitcom"
"s831","Comedy drama"
"s833","Wuxia"
"s833","History"
"s833","Adventure"
"s833","Mystery"
"s843","Television documentary"
"s848","Romance"
"s848","Comedy"
"s849","Romantic comedy"
"s849","Comedy drama"
"s856","Adventure"
"s856","Science fiction"
"s856","Action fiction"
"s870","Thriller"
"s870","Melodrama"
"s870","Mystery"
"s870","Crime film"
"s881","Horror"
"s881","Reality television"
"s881","Pseudo-documentary"
"s885","Drama"
"s891","Horror"
"s891","Action"
"s891","Action fiction"
"s891","Dark fantasy"
"s891","Adventure"
"s891","Fantasy"
"s891","Drama"
"s891","Horror fiction"
"s891","Adventure fiction"
"s891","Animation"
"s897","Sitcom"
"s901","Television documentary"
"s1228","Drama"
"s1232","Comedy"
"s1232","Fantasy"
"s1232","Mockumentary"
"s1235","Television documentary"
"s1239","Action"
"s1239","Mecha Anime"
"s1147","Reality television"
"s1243","True crime"
"s1243","Television documentary"
"s1167","Drama"
"s1167","Crime film"
"s1167","Mystery"
"s1174","Reality television"
"s1174","Chat show"
"s1175","Korean drama"
"s1175","Drama"
"s1182","Television comedy"
"s1183","Docudrama"
"s1187","Anime"
"s1187","Action"
"s1187","Science fiction"
"s1187","Thriller"
"s1187","Psychological thriller"
"s1206","Television documentary"
"s1206","Historical drama"
"s1207","Drama"
"s1207","Adolescence"
"s1211","Romance"
"s1214","Adult animation"
"s1214","Animated sitcom"
"s750","Action"
"s750","Police procedural"
"s750","Comedy drama"
"s759","Romance"
"s759","Comedy drama"
"s764","Apocalyptic and post-apocalyptic fiction"
"s764","Drama"
"s627","Television documentary"
"s629","Science fiction"
"s629","Pre-school"
"s629","Animated series"
"s629","Superhero fiction"
"s629","Animated sitcom"
"s639","Drama"
"s640","Kaiju"
"s640","Science fiction"
"s643","Historical drama"
"s643","Comedy drama"
"s648","Reality"
"s649","Reality television"
"s649","Dating game show"
"s659","Romance"
"s806","Korean drama"
"s806","Drama"
"s806","Sports"
"s661","Action"
"s661","Science fiction"
"s661","Superhero fiction"
"s661","Crime film"
"s661","Action fiction"
"s685","Drama"
"s685","Mystery"
"s685","Thriller"
"s687","Romance"
"s687","Medical drama"
"s687","Comedy"
"s687","Slice of life"
"s692","Sitcom"
"s700","Mystery"
"s700","Thriller"
"s700","Drama"
"s700","Horror fiction"
"s701","Fantasy"
"s701","Seinen manga"
"s701","Action manga"
"s725","Biography"
"s732","Melodrama"
"s735","Action"
"s735","Thriller"
"s735","Crime film"
"s735","Mystery"
"s738","Horror fiction"
"s738","Crime fiction"
"s478","Comedy drama"
"s478","Coming-of-age story"
"s479","Drama"
"s479","Techno-thriller"
"s483","Television documentary"
"s488","Romance"
"s488","Historical drama"
"s489","Romantic drama"
"s491","Television documentary"
"s494","Action"
"s494","Zombie apocalypse"
"s494","Japanese horror"
"s504","Drama"
"s504","Thriller"
"s505","Comedy"
"s517","Drama"
"s517","Thriller"
"s517","Adolescence"
"s517","Mystery"
"s517","Fantasy"
"s517","Anthology series"
"s517","Horror fiction"
"s521","Sketch comedy"
"s539","Drama"
"s539","Adolescence"
"s539","Mystery"
"s539","Thriller"
"s545","Comedy drama"
"s547","Romance"
"s547","Drama"
"s547","Comedy"
"s547","Thriller"
"s547","Mystery"
"s365","Comedy drama"
"s367","Reality television"
"s383","Sports drama"
"s386","Adolescence"
"s386","Drama"
"s386","Dark comedy"
"s386","Coming-of-age story"
"s386","Comedy drama"
"s386","Crime fiction"
"s386","Techno-thriller"
"s386","Crime TV genre"
"s398","Anthology"
"s398","Drama"
"s402","Action"
"s402","Drama"
"s402","Dark comedy"
"s402","Thriller"
"s402","Crime film"
"s402","Action fiction"
"s404","Documentary"
"s431","Reality television"
"s441","Documentary"
"s467","Reality television"
"s1428","Documentary"
"s1428","Television documentary"
"s1431","Biography"
"s1431","Documentary"
"s1433","Fantasy"
"s1433","Action fiction"
"s1440","Documentary"
"s1440","Television documentary"
"s1441","Reality television"
"s1374","Drama"
"s1374","Thriller"
"s1376","Dark comedy"
"s1376","Sex comedy"
"s1376","Comedy drama"
"s1384","Reality television"
"s1385","Pop"
"s1385","Hip-Hop/Rap"
"s1393","Drama"
"s1393","Comedic genres"
"s1395","Television documentary"
"s1401","Reality television"
"s1403","Comedy"
"s1403","Satire"
"s1403","Adventure"
"s1403","Fantasy"
"s1403","Fantasy television"
"s1403","Animation"
"s1417","Documentary"
"s1417","True crime"
"s1449","Martial Arts"
"s1449","Comedy drama"
"s1450","Reality television"
"s1461","Drama"
"s1340","Fantasy"
"s1273","Miniseries"
"s1273","Television documentary"
"s1276","Comedy drama"
"s1286","Korean drama"
"s1286","Dark comedy"
"s1286","Crime film"
"s1286","Crime TV genre"
"s1295","Science fiction"
"s1295","Drama"
"s1297","Romantic comedy"
"s1297","Drama"
"s1297","Fantasy television"
"s1301","Television documentary"
"s1303","Reality television"
"s1303","Sports"
"s1311","Racing Video Game"
"s1311","Open world"
"s1311","Action game"
"s1311","Nonlinear gameplay"
"s2921","Reality television"
"s1318","Recipe"
"s1318","Cookbook"
"s1329","Television documentary"
"s1552","Adventure fiction"
"s1552","Supernatural"
"s1552","Comedy drama"
"s292","Shonen manga"
"s292","Action manga"
"s292","Science fiction comics"
"s292","Comedy"
"s297","Drama"
"s297","Thriller"
"s298","Anthology"
"s298","Drama"
"s310","Reality television"
"s312","Drama"
"s312","Adolescence"
"s313","Cooking show"
"s313","Reality television"
"s187","Romantic comedy"
"s187","Slice of life"
"s199","Political crime drama"
"s219","Reality television"
"s220","Shonen manga"
"s220","Action manga"
"s220","Science fiction comics"
"s221","Sitcom"
"s221","Television comedy"
"s223","Thriller"
"s223","Drama"
"s235","Comedy"
"s235","Pre-school"
"s235","Adventure fiction"
"s242","Drama"
"s242","Supernatural"
"s249","Comedy drama"
"s272","Horror"
"s272","Drama"
"s273","Action fiction"
"s273","Spy fiction"
"s273","Animation"
"s274","Drama"
"s274","Mystery"
"s275","Television comedy"
"s277","Sex comedy"
"s277","Comedy drama"
"s278","Drama"
"s281","Food reality television"
"s1092","Seinen manga"
"s1092","Comedy"
"s1095","Reality television"
"s958","Reality television"
"s961","Thriller"
"s961","Mystery"
"s966","Samurai cinema"
"s966","Science fantasy"
"s968","Television documentary"
"s969","Sex comedy"
"s969","Comedy drama"
"s973","Crime film"
"s989","Horror"
"s989","Romantic comedy"
"s989","Mystery"
"s994","Fantasy television"
"s994","Mystery"
"s994","Drama"
"s998","Documentary"
"s1005","Documentary"
"s1058","Television comedy"
"s1063","Legal drama"
"s1076","Television documentary"
"s1128","Prank show"
"s2033","Reality television"
"s2038","Korean drama"
"s2038","Youth"
"s2038","Romance"
"s2041","Science fiction"
"s2041","Comedy drama"
"s2041","Adventure fiction"
"s2041","Action fiction"
"s1930","Sitcom"
"s1948","Television documentary"
"s1950","Sitcom"
"s1950","Television comedy"
"s1950","Fantasy television"
"s1950","Utopian and dystopian fiction"
"s1950","Philosophical fiction"
"s1952","Television documentary"
"s1956","Comedy"
"s1956","Fantasy television"
"s1956","Superhero fiction"
"s1959","Cooking show"
"s1959","Television documentary"
"s1962","Television documentary"
"s1979","Thriller"
"s1979","Horror fiction"
"s33","Adolescence"
"s33","Drama"
"s33","Sex comedy"
"s33","Coming-of-age story"
"s33","Comedy"
"s1995","Reality competition; Game show"
"s1999","Drama"
"s1999","Historical drama"
"s1999","Drama television series"
"s2003","Docuseries"
"s2013","Drama"
"s2022","Drama"
"s2022","Mystery"
"s1869","Reality television"
"s1869","Television documentary"
"s1874","Horror fiction"
"s1874","Gothic fiction"
"s1874","Drama"
"s1874","Supernatural fiction"
"s1876","Romance"
"s1876","Comedy"
"s1878","Korean drama"
"s1878","Romance"
"s1878","Drama"
"s1878","Comedy drama"
"s1878","Crime fiction"
"s1879","Action"
"s1879","Science fiction"
"s1879","Drama"
"s1879","Dystopia"
"s1879","MORE"
"s1881","Drama"
"s1881","Thriller"
"s1881","Apocalyptic and post-apocalyptic fiction"
"s1780","Action"
"s1780","Drama"
"s1780","Science fiction"
"s1780","Adventure"
"s1780","Superhero fiction"
"s1780","Fantasy"
"s1780","Action fiction"
"s1782","Documentary"
"s1782","Travel documentary"
"s1782","Television documentary"
"s1783","Romance"
"s1783","Crime film"
"s1783","Action fiction"
"s1791","Fantasy"
"s1791","Adventure fiction"
"s1791","Action fiction"
"s1795","Romance"
"s1795","Time travel"
"s1795","Supernatural"
"s3370","Animation"
"s3370","Comedy"
"s3370","Satire"
"s3370","Dark comedy"
"s3370","Comedy drama"
"s3370","Surreal humour"
"s3370","Tragicomedy"
"s3370","Psychological drama"
"s1800","Historical drama"
"s1800","Action fiction"
"s1804","Thriller"
"s1804","Drama"
"s1814","Chat show"
"s1829","Mystery"
"s1829","Documentary"
"s1829","Paranormal"
"s1829","Drama"
"s1829","Crime TV genre"
"s1838","Drama"
"s1838","Adolescence"
"s1840","Drama"
"s1840","Supernatural fiction"
"s1841","Thriller"
"s1842","Comedy"
"s1842","Apocalyptic and post-apocalyptic fiction"
"s1842","Adventure fiction"
"s1842","Animation"
"s1853","Action"
"s1853","Cyberpunk"
"s1853","Superhero fiction"
"s1853","Tokusatsu"
"s1853","Adventure fiction"
"s1861","Reality television"
"s1865","Apocalyptic and post-apocalyptic fiction"
"s1865","Adventure fiction"
"s1865","Action fiction"
"s1865","Science fantasy"
"s1865","Animation"
"s3434","Romance"
"s3434","Comedy"
"s1911","Crime film"
"s1911","Mystery"
"s1734","Documentary"
"s1734","True crime"
"s1741","Romantic comedy"
"s1635","Fantasy"
"s1635","Mystery"
"s1639","Reality television"
"s1650","Comedy"
"s1650","Crime fiction"
"s1668","Documentary"
"s1673","Gospel"
"s1673","Docuseries"
"s1688","Comedy"
"s1688","Animation"
"s1699","Drama"
"s1699","History"
"s1699","Historical drama"
"s1707","Thriller"
"s1707","Drama"
"s3288","Drama"
"s3288","Comedy"
"s3288","Documentary"
"s1717","Sketch comedy"
"s1718","Drama"
"s1719","True crime"
"s1719","Television documentary"
"s1723","Romantic comedy"
"s1767","Korean drama"
"s1767","Detective fiction"
"s1767","Crime film"
"s2554","Drama"
"s2554","Musical"
"s2555","Adventure"
"s2555","Mystery"
"s2555","Comedy drama"
"s2555","Action fiction"
"s2555","Science fantasy"
"s2555","Animation"
"s2558","Wuxia"
"s2558","Comedy"
"s2558","Slice of life"
"s921","Drama"
"s921","Musical"
"s921","Biographical"
"s826","True crime"
"s826","Anthology"
"s2460","Armed Force"
"s2460","Fiction"
"s2460","Office humor"
"s2460","Military fiction"
"s2463","Fantasy"
"s2463","Shonen manga"
"s2463","Action manga"
"s2473","Action"
"s2473","Zombie"
"s2473","Thriller"
"s2473","Horror fiction"
"s2477","History"
"s2487","Comedy"
"s2487","Fantasy"
"s2487","Drama"
"s2487","Mystery"
"s2487","Supernatural fiction"
"s2500","Historical drama"
"s2570","Documentary"
"s2570","Reality television"
"s2509","Romance"
"s2515","Reality television"
"s2516","Chat show"
"s2516","Political satire"
"s2525","Reality television"
"s2527","Action"
"s2527","Adventure"
"s2527","Magical girl"
"s2527","Animation"
"s2527","Comedy drama"
"s2527","Adventure fiction"
"s2527","Action fiction"
"s2527","Superhero fiction"
"s2527","Science fantasy"
"s2531","Mystery"
"s2531","Thriller"
"s2531","Drama"
"s2549","Documentary"
"s2549","True crime"
"s2549","Television documentary"
"s2762","Action"
"s2762","Science fiction"
"s2778","Drama"
"s2785","Reality television"
"s2785","Variety show"
"s2789","Comedy"
"s2791","Adolescence"
"s2791","Drama"
"s2791","Science fiction"
"s2792","Drama"
"s2793","Pop music"
"s2793","Mandopop"
"s2793","C-pop"
"s2793","Mandarin pop"
"s2794","Drama"
"s2794","Historical drama"
"s2795","Adventure"
"s2795","Fantasy"
"s2796","Television documentary"
"s2796","True crime"
"s2817","Reality television"
"s2819","Horror fiction"
"s2825","Nordic noir"
"s2825","Mystery"
"s2825","Thriller"
"s1215","Self-help book"
"s2826","Documentary"
"s2856","Drama"
"s2856","Neo-noir"
"s2856","Thriller"
"s2856","Historical drama"
"s2418","Adolescence"
"s2418","Drama"
"s2418","Mystery"
"s2418","Psychological thriller"
"s2423","Reality television"
"s2427","Shonen manga"
"s2427","Action manga"
"s2427","Sports manga"
"s2328","Thriller"
"s2328","Drama"
"s2328","Mystery"
"s2328","Tragedy"
"s2328","Supernatural"
"s2332","Sport"
"s2332","Documentary"
"s2338","Travel documentary"
"s2347","Science fiction"
"s2347","Mystery"
"s2347","Drama"
"s2350","Comedy"
"s2350","Romantic comedy"
"s666","Crime film"
"s666","Nordic noir"
"s670","Serial"
"s670","Thriller"
"s670","Crime fiction"
"s670","Crime TV genre"
"s681","Television documentary"
"s681","Miniseries"
"s2356","House music"
"s2356","Electronic music"
"s2356","Deep house"
"s2356","UK garage"
"s2356","MORE"
"s2358","Game show"
"s2363","Satire"
"s2363","Cringe comedy"
"s2363","Comedy drama"
"s2379","Drama"
"s2379","Horror fiction"
"s2379","Supernatural fiction"
"s2389","Sitcom"
"s2389","Comedy"
"s2395","Dating game show"
"s2395","Reality television"
"s2396","Comedy"
"s2396","Satire"
"s2396","Animated sitcom"
"s2396","Dark comedy"
"s2396","Drama"
"s2396","Comedy drama"
"s2397","Chat show"
"s2402","Mystery"
"s2402","Thriller"
"s2402","Crime film"
"s2405","Thriller"
"s2405","Horror fiction"
"s2405","Supernatural fiction"
"s2406","Action"
"s2406","Superhero fiction"
"s2406","Adventure"
"s2406","Science fiction"
"s2406","Drama"
"s2406","Comedy drama"
"s2406","Fantasy television"
"s2406","Time Travel Fiction"
"s2407","Documentary"
"s2410","Zombie"
"s2255","Drama"
"s2255","Science fiction"
"s2256","Romance"
"s2256","Romantic comedy"
"s2256","Slice of life"
"s2259","Drama"
"s499","Massively multiplayer online real-time strategy game"
"s520","Documentary; Crime"
"s540","Action"
"s540","Comedy"
"s540","Adventure"
"s540","Fantasy"
"s540","Action fiction"
"s541","Fantasy"
"s541","Drama"
"s541","Fantasy television"
"s544","Drama"
"s2293","Animation"
"s2293","Action fiction"
"s2185","Drama"
"s2185","Adolescence"
"s2185","Thriller"
"s2190","Reality television"
"s2191","Action"
"s2191","Adventure"
"s2298","Drama"
"s2298","Horror fiction"
"s2298","Mystery"
"s2202","Documentary"
"s2202","Sports"
"s392","Drama"
"s392","Weird West"
"s392","Dark fantasy"
"s392","Supernatural fiction"
"s2213","Reality television"
"s2218","True crime"
"s2218","Television documentary"
"s2219","Comedy"
"s550","professional reality"
"s2304","Fantasy"
"s2304","Drama"
"s2304","Superhero"
"s2304","Supernatural fiction"
"s2304","Occult detective fiction"
"s2228","Fantasy"
"s2228","Adventure"
"s2228","Action fiction"
"s2230","Police procedural; Crime"
"s2237","Animation"
"s2237","Action fiction"
"s2247","Web documentary"
"s566","Drama"
"s2314","Reality television"
"s3043","Television documentary"
"s3046","Novel"
"s3046","Horror fiction"
"s3046","Gothic fiction"
"s3046","Fantasy Fiction"
"s3046","Epistolary novel"
"s3046","Invasion literature"
"s3046","Fantastique"
"s2972","Horror fiction"
"s2975","Historical drama"
"s2977","Drama"
"s2983","Romantic comedy"
"s2992","Docudrama"
"s2998","Drama"
"s2998","Horror fiction"
"s2998","Supernatural fiction"
"s3000","Horror fiction"
"s3000","Historical drama"
"s3000","Fantasy television"
"s3050","Television documentary"
"s3012","Documentary"
"s3016","Wuxia"
"s1409","Fantasy"
"s3025","Documentary"
"s3025","True crime"
"s3031","Television comedy"
"s1420","Drama"
"s1420","Comedy drama"
"s3034","Comedy drama"
"s3037","Drama"
"s3038","Television comedy"
"s3040","Mockumentary"
"s3040","Mystery"
"s3040","Television comedy"
"s1463","Variety show"
"s1463","Comedy"
"s1463","Game show"
"s1463","Television comedy"
"s3076","Drama"
"s2938","Adventure"
"s2942","Horror fiction"
"s2942","Drama"
"s2943","Romance"
"s2943","Science fiction"
"s1336","Drama"
"s2949","Television documentary"
"s2954","Sitcom"
"s2871","Thriller"
"s2871","Crime film"
"s2871","Action fiction"
"s2876","Japanese television drama"
"s2884","Documentary"
"s2884","True crime"
"s2889","Korean drama"
"s2889","Drama"
"s2889","Comedy"
"s2889","Fantasy television"
"s2892","Comedy drama"
"s2895","Drama"
"s2895","Thriller"
"s2901","Thriller"
"s2901","Supernatural fiction"
"s2918","Romance"
"s2918","Drama"
"s2918","Comedy"
"s2922","Crime film"
"s2922","Drama"
"s2922","Biographical"
"s2960","Korean drama"
"s2960","Drama"
"s1573","Sitcom"
"s1574","Television comedy"
"s1575","Television documentary"
"s1580","Comedy"
"s1580","Sitcom"
"s1586","True crime"
"s1586","Drama"
"s1590","Romantic comedy"
"s1474","Adolescence"
"s1474","Drama"
"s1474","Supernatural"
"s1474","Mystery"
"s1474","Horror fiction"
"s1474","Dark fantasy"
"s1474","Supernatural fiction"
"s1480","Television documentary"
"s1484","Romantic comedy"
"s1484","Coming-of-age story"
"s1493","Romance"
"s1493","Historical drama"
"s1493","Regency romance"
"s1493","Alternate history"
"s1504","Romance"
"s1604","Science fiction"
"s1604","Speculative evolution"
"s1604","Docufiction"
"s1517","Romantic comedy"
"s1517","Comedy drama"
"s1528","Pre-school"
"s1529","Korean drama"
"s1529","Romance"
"s1529","Drama"
"s1529","Sport"
"s1529","Life"
"s1536","Comedy"
"s1542","Television documentary"
"s1553","Drama"
"s1560","Thriller"
"s1560","Drama"
"s1563","Survival"
"s1563","Science fiction"
"s1563","Thriller"
"s1563","Drama"
"s1565","Inference"
"s1565","Science fiction"
"s2152","Drama"
"s2152","Mystery"
"s2152","Historical drama"
"s2152","Crime fiction"
"s2152","Crime TV genre"
"s2153","Reality"
"s2157","Fiction"
"s2157","Pseudo-documentary"
"s2158","Animation"
"s2158","Science fantasy"
"s2166","Television documentary"
"s2169","Educational television"
"s2171","Documentary"
"s2088","Rock"
"s2088","Pop rock"
"s2088","Latin rock"
"s2088","Jazz fusion"
"s2088","Funk"
"s2088","Hard rock"
"s2088","MORE"
"s2090","Comedy"
"s2094","Drama"
"s2097","Reality television"
"s2099","Educational television"
"s2105","First-person shooter"
"s2106","Sport"
"s2106","Adult animation"
"s2106","Animated sitcom"
"s2107","Documentary"
"s2114","Documentary"
"s2134","Comedy drama"
"s2135","Drama"
"s2141","Television documentary"
"s2175","Sport"
"s2175","Drama"
"s2175","Adolescence"
"s2700","Reality television"
"s2604","Drama"
"s2604","Thriller"
"s2607","Korean drama"
"s2607","Drama"
"s2607","Adolescence"
"s2607","Crime film"
"s2628","Television documentary"
"s2629","Historical drama"
"s2641","Dark comedy"
"s2641","Comedy drama"
"s2644","Drama"
"s2644","Adolescence"
"s2644","Comedy drama"
"s2644","Historical drama"
"s2646","Action"
"s2646","science fiction"
"s2649","Dark comedy"
"s2663","Surrealism"
"s2663","Dark comedy"
"s2663","Adventure fiction"
"s2663","Science fantasy"
"s2666","Fantasy"
"s2666","Romance"
"s2666","Drama"
"s2666","Mystery"
"s2666","Science fiction"
"s2667","Mockumentary"
"s2670","Drama"
"s2671","Dark comedy"
"s1046","Reality television"
"s2685","Drama"
"s2685","Documentary"
"s1061","Reality television"
"s1062","Television documentary"
"s2692","Television comedy"
"s2737","Comedy drama"
"s2743","Documentary"
"s2743","Fly on the wall"
"s2747","Parody"
"s2747","Sitcom"
"s2749","Drama"
"s2749","Romance"
"s3535","Spy"
"s3535","Thriller"
"s3535","Drama"
"s3482","Espionage"
"s3482","Thriller"
"s3482","Action fiction"
"s3490","Documentary"
"s3492","Science fiction"
"s3492","Mystery"
"s3500","Action"
"s3500","Romance"
"s3500","Action fiction"
"s3500","Thriller"
"s3500","Spy"
"s3500","Crime film"
"s3502","Anthology series"
"s3502","Police procedural"
"s3504","Anthology series"
"s3504","Police procedural"
"s3506","Television documentary"
"s3507","Sport"
"s3507","Drama"
"s122","Romantic comedy"
"s122","Dark fantasy"
"s1981","Crime drama; Action; Thriller; Mystery"
"s3511","Korean drama"
"s3511","Romantic comedy"
"s3516","Documentary"
"s3522","Horror"
"s3522","Horror fiction"
"s3522","Drama"
"s3525","Drama"
"s3525","Crime film"
"s3525","Crime Fiction"
"s3526","True crime"
"s3526","Drama"
"s3527","Thriller"
"s3528","Television documentary"
"s2079","Dark fantasy"
"s2079","Science fiction"
"s2079","Thriller"
"s3446","Korean drama"
"s3446","Sageuk"
"s3446","Romance"
"s3446","Melodrama"
"s3452","Boy band"
"s3452","Pop music"
"s3452","Rhythm and blues"
"s3452","Hip hop music"
"s3452","MORE"
"s3453","Drama"
"s3453","Crime film"
"s3453","Historical Fiction"
"s3356","Shonen manga"
"s3356","Action manga"
"s3362","Thriller"
"s3362","Crime film"
"s3458","Martial Arts"
"s3458","Action fiction"
"s3458","Supernatural fiction"
"s3382","Xianxia"
"s3383","Apocalyptic and post-apocalyptic fiction"
"s3383","Drama"
"s3383","Action"
"s3383","Adolescence"
"s3383","Adventure"
"s3383","Dark comedy"
"s3386","Documentary"
"s3459","Television documentary"
"s3415","Historical drama"
"s3416","Science fiction"
"s3416","Drama"
"s3427","Thriller"
"s3431","Adolescence"
"s3431","Drama"
"s3431","Dark comedy"
"s3431","Comedy drama"
"s1907","Supernatural"
"s1907","Thriller"
"s1907","Drama"
"s1924","Sitcom"
"s3295","Educational"
"s3299","Action"
"s3314","Documentary"
"s3213","Telenovela"
"s3213","Action"
"s3213","Drama"
"s3213","Suspense"
"s3213","Soap opera"
"s3213","Action fiction"
"s3222","Sitcom"
"s3239","Anthology series"
"s3239","Comedy drama"
"s3244","Drama"
"s3244","Fantasy comedy"
"s3244","Comedy"
"s3246","Television documentary"
"s3247","Fantasy"
"s3247","Adventure fiction"
"s3247","Comedy drama"
"s3247","Action fiction"
"s3248","Comedy"
"s3248","Fantasy"
"s3248","Musical"
"s3250","Comedy; Drama"
"s3253","Drama"
"s3270","Reality television"
"s3270","Music television"
"s3282","Fantasy"
"s3282","Drama"
"s3283","Documentary"
"s3292","Romantic comedy"
"s3292","Coming-of-age story"
"s1749","Reality television"
"s1755","Reality television"
"s1761","Comedy"
"s3345","Reality television"
"s3353","Mystery"
"s3353","Drama"
"s3790","Documentary"
"s3790","True crime"
"s3793","True crime"
"s3793","Tragedy"
"s3793","Crime film"
"s4845","Sitcom"
"s4845","Comedy"
"s3868","Adult animation"
"s3868","Animated sitcom"
"s3868","Surreal humour"
"s3868","Television comedy"
"s3868","Slice of life"
"s4846","Sitcom"
"s3819","Medical drama"
"s2529","Korean drama"
"s2529","Thriller"
"s2529","Psychological thriller"
"s3830","Action"
"s3830","Comedy"
"s3830","Adventure"
"s2547","Crime film"
"s2547","Drama"
"s2547","Nordic noir"
"s2547","Mystery"
"s3839","Political drama"
"s2586","Historical drama"
"s2586","Biography"
"s2586","Mystery"
"s2586","Thriller"
"s2586","Political thriller"
"s8377","Television documentary"
"s3966","Comedy horror"
"s3970","Drama"
"s6219","Platform game"
"s6219","Adventure game"
"s3981","Thriller"
"s3981","Drama"
"s3981","Crime fiction"
"s3981","Crime TV genre"
"s3982","Drama"
"s3982","Police procedural"
"s3982","Crime fiction"
"s3982","Crime TV genre"
"s3987","Science fiction"
"s3987","Drama"
"s3987","Mystery"
"s3987","Fantasy"
"s3987","Supernatural fiction"
"s4016","Television documentary"
"s4017","Television comedy"
"s4058","Drama"
"s3763","Drama"
"s3763","Political drama"
"s3763","Political thriller"
"s3763","Conspiracy fiction"
"s3771","Drama"
"s3775","Dystopia"
"s3775","Science fiction"
"s3775","Thriller"
"s3775","Drama"
"s3775","Anthology series"
"s3775","Satire"
"s3775","Speculative fiction"
"s3775","Fantasy"
"s621","Reality television"
"s3779","Mockumentary"
"s3780","Action"
"s3780","Comedy"
"s3780","Adventure"
"s3706","Reality television"
"s3711","Comedic genres"
"s3719","Action-adventure game"
"s3719","Fighting game"
"s3719","Role-playing Video Game"
"s3722","Documentary"
"s3722","Reality television"
"s3722","Chat show"
"s3722","Television documentary"
"s3723","Romance"
"s3723","Musical"
"s3728","True crime"
"s3728","Television documentary"
"s3781","Korean drama"
"s3781","Fantasy"
"s3781","Sageuk"
"s674","Reality television"
"s675","Drama"
"s677","Mystery"
"s677","Drama"
"s3747","Thriller"
"s3747","Horror fiction"
"s3747","Crime film"
"s3747","Procedural drama"
"s516","Dark comedy"
"s516","Teen sitcom"
"s524","Crime film"
"s524","Nordic noir"
"s524","Thriller"
"s524","Drama"
"s524","Mystery"
"s3681","Drama"
"s3683","Romance"
"s3683","Myth"
"s3683","Fantasy"
"s3685","Gambling"
"s3685","Psychological thriller"
"s3685","Animation"
"s3686","Horror"
"s3686","Horror fiction"
"s3686","Thriller"
"s3686","Drama"
"s3686","Supernatural"
"s3686","Mystery"
"s3686","Historical drama"
"s3634","Comedy"
"s2294","Drama"
"s2294","Telenovela"
"s2294","Historical drama"
"s3687","Docudrama"
"s3637","Television comedy"
"s3637","Coming-of-age story"
"s3637","Adventure fiction"
"s3637","Surreal humour"
"s3641","Romance"
"s6710","Music competition"
"s426","Medical drama"
"s436","Romantic comedy"
"s554","Drama"
"s554","Adolescence"
"s554","Fantasy television"
"s554","Supernatural fiction"
"s554","Superhero fiction"
"s3691","Korean drama"
"s3691","Political drama"
"s3691","Political thriller"
"s3691","Crime film"
"s3654","Comedy"
"s3654","Chat show"
"s3655","Action"
"s3655","Comedy"
"s3655","Adventure"
"s3655","Animation"
"s3657","Romance"
"s3657","Drama"
"s3657","Comedy"
"s3657","Sageuk"
"s3660","Surreal humour"
"s3661","Youth; Romance"
"s457","Korean drama"
"s457","Romantic comedy"
"s3668","Action"
"s3668","Science fiction"
"s3668","Adventure"
"s3668","Animation"
"s3668","Science fantasy"
"s3668","Comedy drama"
"s3670","Comedy drama"
"s3672","Reality television"
"s3674","Korean drama"
"s3674","Romance"
"s3674","Drama"
"s3675","Glove puppetry"
"s3675","Drama"
"s3675","Wuxia"
"s3676","First-person shooter"
"s2252","Drama"
"s4168","Comedy drama"
"s4173","Television documentary"
"s1386","Shonen manga"
"s3051","historical drama"
"s4185","Television documentary"
"s3014","Reality television"
"s3014","Home improvement"
"s3020","): Role-playing"
"s3027","Action"
"s3027","Armed Force"
"s3027","Drama"
"s4201","Comedy"
"s3035","Thriller"
"s3035","Drama"
"s3035","Crime fiction"
"s3035","Crime TV genre"
"s4219","Mystery"
"s4219","Drama"
"s4219","Dark comedy"
"s4123","Sitcom"
"s4123","Comedy"
"s4133","Romantic comedy"
"s2869","Romantic comedy"
"s2869","Fantasy"
"s2869","Drama"
"s2872","Thriller"
"s2872","Drama"
"s6713","Heavy metal"
"s6713","Metalcore"
"s6713","Hardcore punk"
"s6713","Rock"
"s6713","Punk rock"
"s6713","Post-hardcore"
"s6713","Mathcore"
"s6713","Southern rock"
"s4085","Documentary"
"s4106","Television documentary"
"s2924","Mystery"
"s2924","Suspense"
"s1321","Mystery"
"s1321","Drama"
"s1321","Crime film"
"s1366","Slapstick"
"s1366","Animation"
"s4143","Mystery"
"s4143","Comedy drama"
"s3166","Sketch comedy"
"s3174","Romantic comedy"
"s3174","Slice of life"
"s3175","Drama"
"s3175","Thriller"
"s3176","Documentary"
"s3177","Drama"
"s3178","Action"
"s3178","Romantic comedy"
"s3183","Science fiction"
"s3183","Thriller"
"s3183","Drama"
"s3183","Horror fiction"
"s3087","Stand-up comedy"
"s1478","Drama"
"s1478","Adolescence"
"s1478","Mystery"
"s1478","Thriller"
"s3093","Documentary"
"s3096","Drama"
"s3104","Musical fiction"
"s3107","Science fiction"
"s3107","Drama"
"s3107","Adventure fiction"
"s3122","True crime"
"s3122","Television documentary"
"s3130","Romantic comedy"
"s3602","Horror"
"s3602","Science fiction"
"s3602","Drama"
"s3602","Horror fiction"
"s3602","MORE"
"s3605","Drama"
"s3605","Adolescence"
"s3605","Crime film"
"s3616","Martial Art"
"s3616","Action fiction"
"s3616","Supernatural fiction"
"s3616","Crime fiction"
"s3616","Crime TV genre"
"s3554","Adventure"
"s3554","Fantasy"
"s3563","Action fiction"
"s3563","Crime fiction"
"s3563","Crime TV genre"
"s3572","Reality television"
"s3628","Reality television"
"s3578","Action"
"s3578","Drama"
"s3578","Science fiction"
"s3580","Thriller"
"s3580","Crime film"
"s3580","Supernatural fiction"
"s3586","Esports"
"s3586","Youth"
"s3589","Anime"
"s3589","Animation"
"s3598","Historical Fiction"
"s290","Korean drama"
"s290","Sageuk"
"s290","Romance"
"s290","Melodrama"
"s2146","Reality television"
"s3939","Nature documentary"
"s3943","Documentary"
"s3943","Historical drama"
"s3944","Adventure"
"s3944","Animated series"
"s3944","Animation"
"s3947","Horror"
"s3947","Comedy"
"s3947","Thriller"
"s3947","Supernatural fiction"
"s2600","Telenovela"
"s2601","Fantasy"
"s2601","Comedy drama"
"s2711","Fantasy"
"s2711","Drama"
"s2711","Supernatural fiction"
"s2608","Anime"
"s2608","Romantic comedy"
"s2608","Animation"
"s3888","Mystery"
"s3888","Thriller"
"s3888","Drama"
"s3888","Horror fiction"
"s3888","Supernatural fiction"
"s3888","Psychological horror"
"s2650","Historical novel"
"s3899","Comedy"
"s3899","Mockumentary"
"s3902","Stop motion"
"s3902","Slice of life"
"s1050","Comedy"
"s1064","Comedy drama"
"s1066","Slasher"
"s1066","Horror fiction"
"s1066","Anthology series"
"s1066","Thriller"
"s1066","Drama"
"s1069","Documentary"
"s7409","Reality television"
"s3921","Romantic comedy"
"s3921","Satire"
"s3921","Cringe comedy"
"s3921","Dark comedy"
"s3921","Musical"
"s3921","Comedy drama"
"s2697","Novel"
"s2697","Philosophical fiction"
"s2697","Dystopian Fiction"
"s2697","Absurdist fiction"
"s2697","Paranoid fiction"
"s3932","Adventure"
"s3932","Reality television"
"s4656","Superhero"
"s4656","Martial Arts"
"s4656","Superhero fiction"
"s4656","Drama"
"s4656","Action fiction"
"s6090","Comedy; Educational television"
"s4623","Action"
"s4623","Comedy"
"s4623","Adolescence"
"s4623","Science fiction"
"s4623","Cyberpunk"
"s4623","Drama"
"s4623","Teen"
"s4623","Comedy drama"
"s4623","Adventure fiction"
"s4623","Action fiction"
"s4624","Action"
"s4624","Comedy"
"s4624","Adventure"
"s4624","Fantasy"
"s4624","Animation"
"s3489","Thriller"
"s4628","Fishing television series"
"s4628","Reality television"
"s4629","Aerial warfare"
"s4633","Police procedural"
"s4633","Comedy drama"
"s4663","Crime fiction"
"s4663","Adventure fiction"
"s4663","Action fiction"
"s4663","Crime TV genre"
"s4664","Thriller"
"s4664","Drama"
"s4664","Conspiracy fiction"
"s6162","Documentary"
"s6162","Science fiction"
"s6162","Mystery"
"s6162","Fantasy"
"s6162","MORE"
"s4637","Mockumentary"
"s4637","Drama"
"s4637","Adolescence"
"s4637","Satire"
"s4637","Comedy drama"
"s4639","Political drama"
"s4644","Romance"
"s4644","Politics"
"s4644","Historical Fiction"
"s8601","Animation"
"s4667","Rock"
"s4667","Alternative rock"
"s4667","Pop music"
"s4667","Grunge"
"s4667","Electronic music"
"s4667","MORE"
"s4670","Korean drama"
"s4670","Drama"
"s4670","Melodrama"
"s4532","Fantasy"
"s4532","music"
"s4536","Streaming television"
"s4536","Sitcom"
"s4536","Mockumentary"
"s4537","Anime"
"s4537","Drama"
"s3376","Drama"
"s1803","Survival horror"
"s1803","Adventure game"
"s4484","Romance; Melodrama"
"s4488","Romantic comedy"
"s4490","Comedy"
"s4490","Coming-of-age story"
"s4495","Documentary"
"s4495","True crime"
"s4495","Television documentary"
"s4515","Documentary"
"s4518","Sitcom"
"s4522","Cookbook"
"s1908","Korean drama"
"s1908","Romance"
"s1908","Drama"
"s1908","Fantasy"
"s1908","Comedy"
"s3464","Drama; Comedy"
"s4567","Non-fiction"
"s4567","history"
"s4406","Action"
"s4406","Adult animation"
"s4406","Animated cartoon"
"s4406","Television comedy"
"s4406","Superhero fiction"
"s4407","Telenovela"
"s4408","Animation"
"s4351","Drama"
"s4351","Thriller"
"s4354","Reality television"
"s4354","Television documentary"
"s1663","Drama"
"s1663","Comedy"
"s1663","Legal drama"
"s4368","Dark comedy"
"s4377","Cooking show"
"s4378","Comedy"
"s4378","Stand-up comedy"
"s4416","Documentary"
"s4416","Educational television"
"s1710","Romance"
"s1756","Documentary series"
"s1770","Thriller"
"s1770","Procedural drama"
"s4875","Chat show"
"s4875","Comedy"
"s4875","Panel show"
"s4847","Variety show"
"s4849","Romance"
"s3800","Comedy"
"s3800","Comedy drama"
"s4854","Shonen manga"
"s4854","Comedy"
"s3808","Telenovela"
"s3827","Mecha"
"s3827","Action fiction"
"s4866","Comedy"
"s4866","Chat show"
"s4868","True crime"
"s4992","Anime"
"s4992","Science fiction"
"s4992","Animation"
"s4995","Action"
"s4995","Thriller"
"s4995","Crime film"
"s4995","Police procedural"
"s6320","Thriller"
"s6320","Drama"
"s6320","Crime fiction"
"s6320","Crime TV genre"
"s4969","Stand-up comedy"
"s4969","Comedy"
"s5001","Documentary"
"s4979","Drama"
"s4979","Thriller"
"s4981","Documentary"
"s8646","Platform game"
"s8646","Action-adventure game"
"s4024","Comedy"
"s4024","Fantasy"
"s4029","Action"
"s4029","Action fiction"
"s4029","Drama"
"s4029","Adventure"
"s4029","Wuxia"
"s4029","Adventure fiction"
"s4064","Anime"
"s4064","Comedy"
"s4064","Fantasy"
"s4064","Animation"
"s4837","Crime fiction"
"s2415","Drama"
"s8471","Novel"
"s8471","Thriller"
"s8471","Suspense"
"s8471","Psychological Fiction"
"s8471","Domestic Fiction"
"s2416","Drama"
"s4808","Reality television"
"s4810","Thriller"
"s4810","Drama"
"s4822","Blaxploitation"
"s4822","Western"
"s4822","Superhero fiction"
"s4822","Drama"
"s4822","Action fiction"
"s660","Romance comedy"
"s3752","Sitcom"
"s3752","Comedy"
"s2409","Drama"
"s4842","Documentary"
"s537","Photography"
"s537","Documentary"
"s537","Reality television"
"s538","Reality television"
"s4781","Documentary"
"s4781","Television documentary"
"s5983","Novel"
"s5983","Magical Realism"
"s5983","High fantasy"
"s5983","Family saga"
"s5983","Epic Fiction"
"s4744","Comedy"
"s4744","Drama"
"s4744","Comedy drama"
"s4745","Animation"
"s4758","Hard rock"
"s4758","Alternative rock"
"s4758","Post-grunge"
"s4758","Rock"
"s4759","Reality television"
"s4773","Romantic comedy"
"s2248","Biography"
"s2248","Autobiography"
"s589","Science fiction; Adventure; Dramedy; Action"
"s5093","Dark fantasy"
"s5093","Action fiction"
"s5093","Superhero fiction"
"s5093","Animation"
"s4155","Romance"
"s4155","Melodrama"
"s1378","Drama"
"s1378","Romance"
"s1378","Science fiction"
"s1378","Historical Fiction"
"s1378","Fantasy"
"s1378","Adventure fiction"
"s4163","Romance"
"s4163","Drama"
"s4163","Slice of life"
"s4164","Horror"
"s4164","Action"
"s4164","Apocalyptic and post-apocalyptic fiction"
"s4164","Comedy drama"
"s4164","Action fiction"
"s4167","Drama"
"s4167","Thriller"
"s4167","Psychological thriller"
"s4167","Political thriller"
"s5070","Fantasy"
"s5083","Sitcom"
"s5083","Comedy"
"s4200","Dating"
"s4200","Reality television"
"s4202","Comedy"
"s4202","Miniseries"
"s4208","Drama"
"s5098","Comedy"
"s5098","Sitcom"
"s6595","Survival game"
"s6595","Role-playing game"
"s6595","Shooter Video Game"
"s6595","Action-adventure game"
"s6595","Fighting game"
"s6595","Adventure"
"s4132","Anime"
"s4132","Drama"
"s4080","True crime"
"s4080","drama"
"s4080","anthology"
"s1271","Telenovela"
"s5030","Crime film"
"s2891","True crime"
"s7667","Nature documentary"
"s5036","Action"
"s5036","Animation"
"s7687","Western fiction"
"s7687","Alternate history"
"s7687","Adventure fiction"
"s4145","Action"
"s4145","adventure"
"s4145","science fiction"
"s1584","Sageuk"
"s1584","Romantic comedy"
"s4317","Drama"
"s4317","Crime film"
"s4321","Satire"
"s4321","Science fiction"
"s4321","Fantasy comedy"
"s4322","Thriller"
"s4322","Drama"
"s4322","Political thriller"
"s4322","Mystery"
"s4252","Drama"
"s4252","mystery"
"s4257","True crime"
"s4265","Mockumentary"
"s4265","Sitcom"
"s4267","Television documentary"
"s4275","Thriller"
"s4275","Action fiction"
"s3188","Science fiction"
"s3188","Psychological thriller"
"s4328","Korean drama"
"s4328","Romance"
"s4328","Thriller"
"s4328","Action fiction"
"s4328","Science fantasy"
"s4285","Comedy"
"s4289","Xianxia"
"s4289","Fantasy"
"s4306","Documentary"
"s4309","Korean drama"
"s4309","Drama"
"s4309","Romance"
"s4309","Melodrama"
"s4309","Miniseries"
"s4310","Drama"
"s4310","Crime film"
"s4310","Supernatural"
"s4311","Science fiction"
"s4312","Mecha"
"s4312","Adventure fiction"
"s4312","Comedy drama"
"s4312","Action fiction"
"s4312","Science fantasy"
"s1556","Comedy"
"s1556","Slapstick"
"s1556","Adventure fiction"
"s1556","Surreal humour"
"s1556","Animation"
"s4314","Biography"
"s1629","Factual"
"s3193","Drama"
"s3193","Dark comedy"
"s8118","Drama"
"s8118","Comedy"
"s8118","Legal drama"
"s4710","Horror"
"s4710","Romance"
"s4710","Drama"
"s4710","Adventure"
"s4710","Mystery"
"s4710","Suspense"
"s4710","MORE"
"s4712","Science fiction; Anthology; Horror; Satire"
"s4674","Television documentary"
"s4675","Stand-up comedy"
"s8776","Drama"
"s8776","Television comedy"
"s4717","Crime drama; Biographical"
"s4689","Crime fiction"
"s4689","Television comedy"
"s4697","Reality television"
"s4705","Sitcom"
"s4705","Television comedy"
"s4705","Comedy"
"s2179","Drama"
"s2179","Adolescence"
"s4742","Drama"
"s4742","Fiction"
"s3885","Action"
"s3885","Comedy horror"
"s3885","Adventure"
"s3885","Fantasy"
"s3885","Supernatural fiction"
"s3887","Telenovela"
"s4907","Documentary"
"s2661","Drama"
"s2661","Biographical"
"s4926","Crime; Thriller; Slasher"
"s1082","Comedy"
"s1082","Sitcom"
"s1082","Television comedy"
"s3928","Sitcom"
"s3954","Comedy"
"s3954","Action fiction"
"s3954","Animation"
"s8236","Pop rock"
"s8236","Alternative rock"
"s8236","Post-grunge"
"s8236","Indie rock"
"s8236","Glam metal"
"s8236","Alternative metal"
"s8236","Rock"
"s7954","Drama"
"s7954","Political drama"
"s7954","Political thriller"
"s7954","Soap opera"
"s7954","Procedural drama"
"s8023","Telenovela"
"s6175","Food"
"s6175","Travel"
"s7871","Drama"
"s7871","Mystery"
"s7871","Miniseries"
"s5259","Sitcom"
"s5259","Comedy"
"s6514","Mystery"
"s6514","Crime TV genre"
"s4636","Drama"
"s2063","Shonen manga"
"s2063","Fantasy"
"s6760","Drama"
"s6760","Adolescence"
"s6760","Supernatural fiction"
"s5298","Drama"
"s4528","Fantasy; Comedy"
"s5232","Mecha"
"s3361","Romance"
"s3361","Fantasy"
"s4480","Sitcom"
"s5209","Comedy"
"s3408","Pop music"
"s3408","Rock"
"s3408","Electronic music"
"s3408","Dance music"
"s3408","Pop rock"
"s3408","MORE"
"s6933","Slapstick Comedy; Fantasy"
"s3463","Korean drama"
"s3463","Romance"
"s3463","Comedy"
"s3463","Fantasy"
"s3475","Romantic comedy"
"s5239","Thriller"
"s5239","Suspense"
"s5239","Psychological thriller"
"s5239","Psychological Fiction"
"s4411","Drama"
"s4411","Historical drama"
"s5181","Education"
"s5181","Comedy"
"s5150","Sitcom"
"s1662","Romance"
"s1662","Drama"
"s1662","Slice of life"
"s5160","Western"
"s5160","Drama"
"s4380","Romance"
"s4380","Fantasy"
"s4380","Xianxia"
"s5166","Western"
"s5166","Drama"
"s5166","Crime film"
"s5166","Police procedural"
"s5167","Animation"
"s6484","Cartoon"
"s6484","Comedy"
"s6484","Superhero"
"s6484","Adventure"
"s6484","Animation"
"s5176","Comedy"
"s5176","Surrealism"
"s5471","Thriller"
"s5471","Drama"
"s5480","Documentary"
"s8003","Mystery"
"s8003","Drama"
"s8003","Thriller"
"s8003","Crime film"
"s8003","Comedy"
"s8003","Adventure"
"s8003","Comedy drama"
"s8003","Action fiction"
"s8003","Crime TV genre"
"s2833","Creative nonfiction"
"s4998","Crime film"
"s4045","Romance"
"s4045","Horror"
"s4045","Comedy"
"s4045","Fantasy"
"s7376","Sitcom"
"s7376","Comedy"
"s4958","Psychological thriller"
"s4958","Drama"
"s5555","Documentary"
"s5567","Child"
"s5567","Musical theatre"
"s5567","Puppetry"
"s5567","Educational television"
"s5570","Comedy"
"s7007","Drama"
"s7007","Crime film"
"s7007","Neo-noir"
"s7007","Supernatural fiction"
"s4987","Self-help book"
"s4989","Anime"
"s5579","Action"
"s5579","Comedy"
"s5579","Stop motion"
"s5005","Sports"
"s5005","drama"
"s5440","Romance"
"s5440","Fantasy"
"s5440","Sageuk"
"s4838","Medical drama"
"s4838","Drama"
"s4838","Comedy"
"s4838","Action fiction"
"s4805","Drama"
"s4805","Mystery"
"s4805","Thriller"
"s5414","Drama"
"s5414","Psychological thriller"
"s5414","Thriller"
"s6385","Humor"
"s6385","Comedy"
"s6385","Adventure fiction"
"s8766","Indie rock"
"s8766","Electronic music"
"s8766","Indie pop"
"s8766","Post-punk"
"s8766","MORE"
"s5422","Comedy"
"s5422","Sitcom"
"s5422","Romantic comedy"
"s5446","Comedy drama"
"s3745","Crime film"
"s5436","Action"
"s5436","Comedy"
"s5436","Melodrama"
"s5436","Thriller"
"s2453","Romance"
"s2453","Comedy"
"s2454","Romantic comedy"
"s8506","Music"
"s3785","Seinen manga"
"s3785","Romance"
"s3785","Comedy"
"s5455","Romantic comedy"
"s5381","Comedy"
"s5381","Adventure"
"s5382","Drama"
"s5382","Adolescence"
"s518","Comedy"
"s5368","Documentary"
"s3667","Action"
"s3667","Animation"
"s8380","Mystery"
"s8380","Thriller"
"s8380","Drama"
"s4172","Romance; Comedy"
"s5066","Comedy"
"s5066","Drama"
"s5066","Dark comedy"
"s3053","Korean drama"
"s3053","Romantic comedy"
"s3064","Korean drama"
"s3064","Romantic comedy"
"s3064","Medical drama"
"s3064","Fantasy"
"s3064","Historical drama"
"s3075","Thriller"
"s3075","Mystery"
"s3077","Korean drama"
"s3077","Romance"
"s3077","Comedy"
"s3077","Fantasy"
"s8587","Rhythm game"
"s8587","Action game"
"s8587","Musical Game"
"s8587","Indie game"
"s5033","Historical drama"
"s5034","Shonen manga"
"s8275","Horror fiction"
"s5039","Psychological thriller"
"s7139","Heartland rock"
"s7139","Folk rock"
"s7139","Americana"
"s7139","Roots rock"
"s7865","Satire"
"s8727","Drama"
"s8727","Western"
"s8727","Family Drama"
"s5104","Thriller"
"s5120","Korean drama"
"s5120","Romance"
"s5120","Comedy"
"s5120","Youth"
"s5120","Friendship"
"s5120","Mystery"
"s6861","Heavy metal"
"s5127","Drama"
"s5127","Historical drama"
"s5678","Historical drama"
"s1620","Satire"
"s1620","Television comedy"
"s1620","Animation"
"s5139","Animation"
"s5139","Comedy"
"s5139","Adventure"
"s5139","Slapstick"
"s5148","Drama"
"s5148","War"
"s5148","Adventure"
"s5148","Historical drama"
"s5148","Historical Fiction"
"s4673","Historical drama"
"s4679","Drama"
"s5319","Mystery"
"s5319","Psychological thriller"
"s5319","Thriller"
"s5321","Comedy"
"s5322","Drama"
"s5322","Science fiction"
"s5322","Adventure"
"s5322","Superhero fiction"
"s5322","Action fiction"
"s5328","Romantic comedy"
"s5328","Mystery"
"s3935","Documentary"
"s5539","Drama"
"s5539","Musical"
"s5539","Historical drama"
"s4943","Massively multiplayer online role-playing game"
"s4943","MORE"
"s3938","Dark comedy"
"s5515","Crime drama; Serial drama"
"s2632","Korean drama"
"s2632","Romance"
"s2632","Comedy"
"s5521","Comedy"
"s5522","Television documentary"
"s5524","Comedy"
"s5524","Animation"
"s4950","Comedy drama"
"s4950","Police procedural"
"s5551","Adolescence"
"s5551","Drama"
"s5551","Comedy"
"s5551","Teen drama"
"s5551","Comedy drama"
"s6743","Detective fiction"
"s6743","Historical drama"
"s6743","Costume drama"
"s6743","Comedy drama"
"s8511","Drama"
"s8511","Detective fiction"
"s8511","Action fiction"
"s8425","Science fiction"
"s6804","Reality; Docuseries; Sports"
"s4653","Action"
"s4653","Comedy"
"s4653","Superhero"
"s4653","Science fiction"
"s4653","Adventure"
"s4653","Mecha"
"s4653","Adventure fiction"
"s4653","Superhero fiction"
"s4653","Animation"
"s105","Comedy"
"s105","Animation"
"s5285","Drama"
"s5285","Science fiction"
"s5285","Fantasy"
"s5285","Comedy drama"
"s5285","List of science fiction comedy works"
"s5288","Romance"
"s5288","Horror"
"s5288","Supernatural"
"s5288","Drama"
"s5288","Horror fiction"
"s5288","MORE"
"s5268","Science fiction"
"s5268","Adventure fiction"
"s5268","Action fiction"
"s5801","Adventure"
"s5801","Fantasy"
"s5801","Comedy drama"
"s5801","Adventure fiction"
"s5801","Action fiction"
"s7726","Horror"
"s7726","Drama"
"s7726","Gothic fiction"
"s7726","Fantasy"
"s7726","Thriller"
"s7726","Dark fantasy"
"s8263","Reality television"
"s8475","Reality television"
"s8475","Talent show"
"s8798","Action; Adventure; Science Fantasy"
"s2067","Shonen manga"
"s2067","Suspense"
"s2067","Detective/Mystery"
"s2067","Human drama"
"s3359","Horror"
"s3359","Romantic comedy"
"s3359","Mystery"
"s3390","Battle royale game"
"s3390","Shooter Video Game"
"s3417","Korean drama"
"s3417","Drama"
"s3417","Romance"
"s3417","Comedy"
"s3462","Korean drama"
"s3462","Romance"
"s3462","Drama"
"s3474","Korean drama"
"s3474","Action"
"s3474","Drama"
"s3474","Melodrama"
"s3474","Political thriller"
"s5771","Comedy"
"s8031","Reality competition"
"s3311","Sitcom"
"s5708","Drama"
"s5708","Comedy drama"
"s5708","Comedy"
"s5709","Stand-up comedy"
"s4381","Telenovela"
"s3342","Anime"
"s3342","Mecha"
"s3342","Military science fiction"
"s8721","Family; Romance; Comedy; Drama"
"s844","Anime"
"s844","Adventure"
"s844","Horror"
"s844","Action"
"s844","Drama"
"s844","Suspense"
"s844","MORE"
"s8059","Romantic comedy"
"s8059","Drama"
"s6647","Comedy drama; Satire; Fantasy; Pastiche"
"s3840","Drama"
"s3840","Romance"
"s3840","Historical Fiction"
"s4899","Preschool"
"s7427","Poetry"
"s8569","Sitcom"
"s4044","Political drama"
"s4044","Thriller"
"s4044","Spy fiction"
"s7843","Drama"
"s7843","Tragedy"
"s7843","Southern Gothic"
"s7843","Legal drama"
"s5556","Comedy"
"s5556","satire"
"s7113","Crime drama"
"s7862","Religious Text"
"s7893","Romantic comedy"
"s5445","Comedy"
"s5445","Comedy drama"
"s2383","Rock"
"s2383","Heavy metal"
"s2383","Hard rock"
"s2383","Glam rock"
"s2383","Glam metal"
"s2383","Classic rock"
"s2383","Dance/Electronic"
"s5437","Comedy"
"s5437","Romance"
"s5437","Family"
"s2448","Drama"
"s5466","Family; Entrepreneurship; Concept; Romance"
"s6600","Novel"
"s6600","Romance novel"
"s6600","Historical romance"
"s6600","Fiction"
"s6837","Drama"
"s6837","Thriller"
"s487","): Platform"
"s487","third-person shooter"
"s511","Drama"
"s511","Adolescence"
"s511","Science fiction"
"s5835","Science fiction"
"s5835","Mecha"
"s5835","Action fiction"
"s5835","Animation"
"s6336","Action"
"s6336","Adventure"
"s6336","Drama"
"s7377","Anime"
"s7377","Adventure"
"s7377","Fantasy"
"s7377","Action fiction"
"s591","Magical girl"
"s7992","Documentary"
"s7259","Drama"
"s7259","Telenovela"
"s8481","Comedy"
"s5593","Korean drama"
"s5593","Sitcom"
"s5593","Television comedy"
"s5593","Comedy"
"s2909","Indie game"
"s2909","Open world"
"s2909","Adventure game"
"s2909","Survival horror"
"s2909","MORE"
"s5602","Korean drama"
"s5602","Mystery"
"s5602","School"
"s7408","Pop music"
"s7408","Rock"
"s7408","Pop rock"
"s7408","Alternative rock"
"s7408","Funk"
"s7408","Techno"
"s7408","MORE"
"s6792","Drama"
"s6792","Thriller"
"s5655","Seinen manga"
"s7748","Nature documentary"
"s5661","Comedy"
"s5662","Comedy"
"s5662","Dark comedy"
"s5662","Comedy drama"
"s5662","Tragicomedy"
"s5662","Crime fiction"
"s5662","Psychological drama"
"s5662","Crime TV genre"
"s5663","Comedy horror"
"s3128","Drama"
"s3128","Romantic comedy"
"s5671","Action"
"s5671","Romance"
"s5671","Adventure"
"s5671","Fantasy"
"s5349","Thriller; Mystery"
"s6199","Factual television"
"s7868","Reality"
"s8246","Historical drama"
"s5538","Drama"
"s3955","Romantic comedy"
"s8203","Crime film"
"s5857","Reality"
"s5857","Reality television"
"s5857","Variety show"
"s6823","Comic fantasy; Musical"
"s7730","Action"
"s7730","Drama"
"s7730","Science fiction"
"s7730","Adventure"
"s7730","Mystery"
"s7730","Thriller"
"s7730","MORE"
"s6358","Drama"
"s6358","Reality television"
"s6956","Western"
"s6956","Drama"
"s6956","Adventure"
"s6956","Costume drama"
"s6956","Historical drama"
"s6956","Action fiction"
"s6956","Action/Adventure"
"s6319","Horror"
"s6319","Drama"
"s6319","Fantasy television"
"s6319","Fantasy"
"s6319","Horror fiction"
"s6319","Action fiction"
"s6923","Drama"
"s6923","Crime film"
"s6923","Crime TV genre"
"s6280","Drama"
"s6452","Adventure"
"s6452","Reality television"
"s6872","Drama"
"s6872","Crime film"
"s6872","Action fiction"
"s6872","Crime TV genre"
"s8504","Television documentary"
"s8021","Shonen manga"
"s8021","School story"
"s8021","Human drama"
"s8600","Sitcom"
"s5889","Horror"
"s5889","Drama"
"s5889","Supernatural"
"s5889","Adventure"
"s5889","Suspense"
"s5889","Thriller"
"s5889","Horror fiction"
"s5889","Miniseries"
"s5889","Action fiction"
"s5889","Action/Adventure"
"s8328","Religious Text"
"s8329","Religious Text"
"s6034","Romance"
"s6034","Melodrama"
"s8113","Romance"
"s8113","Crime film"
"s8113","Action fiction"
"s5171","Mystery"
"s5171","Thriller"
"s5171","Dark comedy"
"s5171","Drama"
"s5171","MORE"
"s5886","Sketch comedy"
"s3337","Shonen manga"
"s6264","Romance; Comedy; Drama"
"s8796","Fantasy"
"s8796","Adventure fiction"
"s6912","Novel"
"s6912","Science fiction"
"s6912","Military science fiction"
"s7334","Thriller"
"s7334","Drama"
"s7334","Mystery"
"s5564","Shonen manga"
"s5568","Factual television"
"s6918","Horror"
"s6918","Drama"
"s6918","Thriller"
"s6918","Psychological thriller"
"s6918","MORE"
"s2384","Game show"
"s5383","Romance; Drama; Workplace"
"s523","Comedy"
"s523","Slapstick"
"s523","Animation"
"s536","Sitcom"
"s536","Teen sitcom"
"s536","Comedy"
"s3666","): Action role-playing"
"s5903","Animated"
"s6427","Anime"
"s6427","Mystery"
"s6427","Comedy"
"s6427","Adventure"
"s6427","Thriller"
"s6427","Crime film"
"s6427","Swashbuckler"
"s6427","Animation"
"s3072","Korean drama"
"s3072","Drama"
"s3072","Romance"
"s3072","Comedy"
"s3072","Family"
"s3072","Coming-of-age story"
"s6257","Cookbook"
"s6257","Self-help book"
"s2882","Action"
"s2882","Crime film"
"s5589","Pop music"
"s5589","Rock"
"s5589","Boy band"
"s5589","Pop rock"
"s5589","Alternative rock"
"s5589","MORE"
"s8483","Horror"
"s8483","Drama"
"s8483","Mystery"
"s8483","Fantasy"
"s8483","Supernatural drama"
"s8483","Supernatural"
"s5606","Comedy"
"s2959","Fantasy"
"s7313","Comedy"
"s7313","Family"
"s7313","Comedy drama"
"s5687","Documentary"
"s4255","Comedy"
"s3116","Anthology"
"s7448","Drama"
"s7448","Comedy drama"
"s3613","Korean drama"
"s3613","Romance"
"s3613","Drama"
"s3613","Comedy"
"s3937","Comedy"
"s3937","Drama"
"s3937","Mockumentary"
"s3937","Comedy drama"
"s6147","Thriller"
"s6147","Drama"
"s6147","Action fiction"
"s2679","Music"
"s2679","Romance"
"s2679","Drama"
"s2679","Science fiction"
"s2679","Fantasy"
"s2679","Animated series"
"s2679","Comedy drama"
"s2679","Animation"
"s6751","History"
"s6751","Adventure"
"s6751","Detective fiction"
"s6751","Action fiction"
"s7629","Comedy"
"s7629","Drama"
"s7629","Medical drama"
"s7629","Dark comedy"
"s7629","Comedy drama"
"s7629","Medical fiction"
"s6764","Reality television"
"s7466","Naturalism"
"s67","Narrative non-fiction"
"s8017","Indian Indie"
"s8330","Religious Text"
"s3424","Drama"
"s3424","Romance"
"s3424","Mystery"
"s3424","Action fiction"
"s5923","Drama"
"s5923","Comedy"
"s5923","Dark comedy"
"s5923","Crime film"
"s5923","Comedy drama"
"s5923","Police procedural"
"s1698","Reality television"
"s1698","Game show"
"s1698","Adventure"
"s7857","Comedy drama; Police procedural"
"s6127","Educational; Preschool"
"s2526","Seinen manga"
"s2526","Action manga"
"s2526","Science fiction comics"
"s2587","Shonen manga"
"s2810","Black comedy"
"s2855","Shonen manga"
"s8575","Horror"
"s8575","Drama"
"s8575","Horror fiction"
"s5864","Shonen manga"
"s5864","Romance"
"s753","Horror"
"s753","Fantasy"
"s753","Supernatural fiction"
"s3738","Anime"
"s3738","Action"
"s3738","Comedy"
"s3738","Drama"
"s3738","Science fiction"
"s3738","Magical girl"
"s3738","Fantasy"
"s3738","Action fiction"
"s3738","Animation"
"s2451","Japanese television drama"
"s2451","Food"
"s2451","Comedy"
"s2451","Slice of life"
"s2288","R&B/Soul"
"s2288","Rock"
"s5391","Drama"
"s5391","Suspense"
"s5391","Psychological thriller"
"s2966","Isekai"
"s2966","Fantasy"
"s2966","Outline of science fiction"
"s1544","Reality television"
"s1612","Reality television"
"s1612","Dating game show"
"s3612","Drama"
"s3612","Comedy"
"s3612","Television comedy"
"s339","Anime"
"s339","Adventure"
"s339","Fantasy"
"s339","Action fiction"
"s339","Dark fantasy"
"s2176","Anime"
"s2176","Romance"
"s2176","Drama"
"s2176","Fantasy"
"s2176","Coming-of-age story"
"s2176","Animation"
"s6826","Comedy"
"s6826","Reality television"
"s6826","Television comedy"
"s7296","Comedy"
"s7296","Drama"
"s7296","Adventure"
"s7296","Television comedy"
"s6936","Comedy"
"s6936","Drama"
"s6936","Medical drama"
"s6936","Comedy drama"
"s77","Shonen manga"
"s77","Sports manga"
"s3271","Korean drama"
"s3271","Drama"
"s3271","Romance"
"s3271","Comedy"
"s3271","Adolescence"
"s3271","Drama television series"
"s3271","World cinema"
"s3271","East Asian cinema"
"s7649","Television documentary"
"s5730","Romance"
"s5730","Comedy"
"s5730","Drama"
"s5730","Romantic comedy"
"s5730","Miniseries"
"s5730","World cinema"
"s5730","East Asian cinema"
"s8680","Robot"
"s8680","Fiction"
"s8680","Animation"
"s1159","Pop music"
"s1159","Pop rock"
"s1159","Rhythm and blues"
"s1159","Dance music"
"s1159","MORE"
"s8337","Comedy"
"s6636","Reality television"
"s3724","Adventure fiction"
"s3724","Coming-of-age story"
"s3724","Fantasy"
"s779","Anime"
"s779","Horror"
"s779","Drama"
"s779","Dark fantasy"
"s779","Adventure"
"s779","Fantasy"
"s779","Action fiction"
"s779","Apocalyptic and post-apocalyptic fiction"
"s779","Animation"
"s787","): Real-time strategy"
"s7354","Gardening"
"s6851","Drama"
"s6851","Mystery"
"s6851","Fantasy"
"s6851","Thriller"
"s6851","Fantasy television"
"s6851","Supernatural drama"
"s6851","Procedural drama"
"s6851","Supernatural fiction"
"s5934","Serial"
"s5934","Drama"
"s5934","Historical Fiction"
"s6828","Anime"
"s6828","Mecha Anime"
"s6828","Action fiction"
"s6828","Science fantasy"
"s6828","Animation"
"s5941","Drama"
"s5941","Suspense"
"s5941","Crime film"
"s5941","Thriller"
"s5941","Tragedy"
"s5941","Dark comedy"
"s5941","Crime TV genre"
"s8278","Fantasy comedy"
"s6672","Action; Mystery; Drama; Science fiction"
"s8065","Historical drama; Sword-and-sandal"
"s6067","British dark comedy"
"s4504","Comedy"
"s4504","Drama"
"s4504","Adolescence"
"s4504","Adventure"
"s4504","Fantasy"
"s4504","MORE"
"s6414","Korean drama"
"s6414","Romance"
"s6414","Comedy"
"s6414","Drama"
"s6414","East Asian cinema"
"s7349","Korean drama"
"s7349","Drama"
"s7349","Romance"
"s7349","Melodrama"
"s7349","Fantasy"
"s7349","Miniseries"
"s8461","Action"
"s8461","Crime film"
"s796","Sitcom"
"s3737","Light novel"
"s3737","Tragedy"
"s3737","Thriller"
"s3737","Dark fantasy"
"s3737","Action fiction"
"s3737","Contemporary fantasy"
"s5384","Historical drama"
"s5393","Comedy"
"s5393","Animation"
"s1350","Telenovela"
"s1350","Drama"
"s1350","Thriller"
"s1350","Historical Fiction"
"s1350","Miniseries"
"s3147","Mystery"
"s3147","Animated series"
"s3147","Adventure"
"s3147","Comedy"
"s3147","MORE"
"s5666","Korean drama"
"s5666","Comedy"
"s5666","Drama"
"s5666","Television comedy"
"s5674","Korean drama"
"s5674","Drama"
"s5676","Korean drama"
"s5676","Romantic comedy"
"s5676","Miniseries"
"s1616","Reality television"
"s1616","Special Interest"
"s3615","Korean drama"
"s3615","Romance"
"s3615","Comedy"
"s3615","Drama"
"s3615","Adolescence"
"s3615","Romantic comedy"
"s3615","Miniseries"
"s6421","Adventure; Musical"
"s5818","Comedy"
"s7224","Biography"
"s7224","Travel literature"
"s7829","Epic poetry"
"s6886","Teen drama"
"s7308","Comedy"
"s7308","Sketch comedy"
"s6561","Travel documentary"
"s7255","Sitcom"
"s5804","Documentary"
"s5804","True crime"
"s5804","Crime TV genre"
"s1675","Political thriller"
"s1675","Drama"
"s1675","Police procedural"
"s1675","Crime TV genre"
"s4009","Comedy"
"s5915","Animated series"
"s5915","Slapstick"
"s5915","Silent comedy"
"s5915","Animation"
"s3742","Anime"
"s3742","Magical girl"
"s3742","Horror"
"s3742","Drama"
"s3742","Mystery"
"s3742","Fantasy"
"s3742","Dark fantasy"
"s3742","Thriller"
"s3742","Psychological thriller"
"s3742","Animation"
"s3665","Anime"
"s3665","Romance"
"s3665","Slice of life"
"s3665","Fantasy"
"s3665","Drama"
"s3665","Coming-of-age story"
"s3665","Animation"
"s6811","Documentary"
"s6811","Nature documentary"
"s1258","Anime"
"s1258","Action"
"s1258","Comedy"
"s1258","Science fiction"
"s1258","Adventure"
"s1258","MORE"
"s8217","Hip hop"
"s8217","new jack swing"
"s1540","Science fiction"
"s1540","Adventure"
"s1540","Fantasy"
"s1540","Action fiction"
"s1540","Action/Adventure"
"s1540","Animation"
"s356","Legal drama"
"s7267","Drama"
"s7267","Historical drama"
"s7267","Miniseries"
"s7267","Costume drama"
"s1929","Anime"
"s1929","Horror"
"s1929","Comedy"
"s1929","Mystery"
"s1929","Fantasy"
"s1929","Thriller"
"s1929","Historical Fiction"
"s1929","Animation"
"s7719","Reality television"
"s8584","Drama"
"s8584","Mystery"
"s8584","Thriller"
"s8584","Crime film"
"s8584","Police procedural"
"s8584","Miniseries"
"s8584","Crime TV genre"
"s3272","Seinen manga"
"s3272","School story"
"s3272","Comedy"
"s3272","Essay/Day-to-day/Heartwarming"
"s3341","Shojo manga"
"s3341","Romantic comedy"
"s6277","Drama"
"s6277","Politics"
"s6277","Adventure"
"s6277","Thriller"
"s6277","Action fiction"
"s6277","Action/Adventure"
"s6277","Crime TV genre"
"s7036","Drama"
"s3664","Anime"
"s3664","Drama"
"s3664","Action"
"s3664","Comedy"
"s3664","Science fiction"
"s3664","Adventure"
"s3664","Fantasy"
"s3664","Comedy drama"
"s3664","Action fiction"
"s3664","Animation"
"s610","Thriller"
"s610","Drama"
"s5394","Action game"
"s7258","Melodrama; Drama"
"s7205","Rock"
"s7205","Indie rock"
"s7205","Alternative rock"
"s7205","Pop rock"
"s7205","Punk rock"
"s7205","MORE"
"s5097","Anime"
"s5097","Fantasy"
"s5097","Action fiction"
"s5097","Drama"
"s5097","Science fiction"
"s5097","MORE"
"s8094","Comedy"
"s8094","Drama"
"s8094","Adventure"
"s8094","Animated series"
"s8094","Animation"
"s8144","Science fiction"
"s8144","Adventure"
"s8144","Action/Adventure"
"s8144","Comedy drama"
"s8144","Action fiction"
"s8144","Animation"
"s1624","Dating game show"
"s2746","Rock"
"s2746","Punk rock"
"s2746","Heavy metal"
"s2746","Hard rock"
"s2746","Glam rock"
"s2746","Glam punk"
"s8540","Historical drama"
"s8540","Drama"
"s8540","Adventure"
"s8540","Historical Fiction"
"s8540","Action fiction"
"s8540","Action/Adventure"
"s7197","Drama"
"s7197","comedy"
"s7197","satire"
"s7197","family film"
"s1943","Romance"
"s1943","Drama"
"s8593","Drama"
"s8593","Science fiction"
"s8593","Alternate history"
"s8593","Action fiction"
"s6825","Drama"
"s6825","Sports"
"s2576","Documentary; War"
"s4863","Shonen manga"
"s4863","Action manga"
"s5406","Reality television"
"s7772","Mystery"
"s7772","Cyberpunk"
"s7772","Soap opera"
"s7772","Thriller"
"s7772","Drama"
"s7772","Action fiction"
"s8200","Reality television"
"s8200","Dating game show"
"s8200","Drama"
"s8200","Romance"
"s314","Romance"
"s314","Drama"
"s314","East Asian cinema"
"s7811","Romance"
"s7811","Comedy"
"s7811","Drama"
"s3882","Action"
"s3882","Comedy"
"s3882","Drama"
"s3882","Fantasy"
"s3882","Wuxia"
"s6732","Shonen manga"
"s6732","Adventure"
"s6732","Fantasy Fiction"
"s6732","Action fiction"
"s8379","Drama"
"s7056","Hip hop music"
"s7056","Funk"
"s7056","Contemporary R&B"
"s7056","Neo soul"
"s7056","Electronic music"
"s7056","Alternative R&B"
"s8473","Novel"
"s5754","Shojo manga"
"s5754","Romance"
"s3334","Celtic music"
"s3334","Pop music"
"s3334","Rock"
"s3334","Irish traditional music"
"s3334","Music of Ireland"
"s3334","New-age music"
"s3334","Folk music"
"s3334","Pop rock"
"s3334","New Age"
"s7370","News"
"s7370","Chat show"
"s8022","Telenovela"
"s8022","Suspense"
"s8022","Soap opera"
"s3871","Anime"
"s3871","Mecha"
"s3871","Action"
"s3871","Mecha Anime"
"s3871","Armed Force"
"s3871","MORE"
"s7121","Game show"
"s7121","Variety show"
"s5387","Action"
"s5387","Romance"
"s5387","Drama"
"s5387","Martial Art"
"s5387","Adventure"
"s5387","MORE"
"s3021","Shonen manga"
"s323","Drama"
"s323","Romance"
"s323","Comedy"
"s2181","Drama"
"s2181","Comedy"
"s2181","Slice of life"
"s2181","Animation"
"s6902","Seinen manga"
"s6902","Action manga"
"s5299","Anime"
"s5299","Mecha Anime"
"s5299","Action"
"s5299","Comedy"
"s5299","Drama"
"s5299","MORE"
"s5940","Science fiction"
"s5940","Drama"
"s5940","Miniseries"
"s4441","Massively multiplayer online game"
"s4441","Sports Video Game"
"s4441","Simulation Video Game"
"s4441","Strategy Video Game"
"s4441","Simulation Game"
"s513","Action"
"s513","Romance"
"s513","Comedy"
"s513","Science fiction"
"s513","Adventure"
"s513","Adventure fiction"
"s513","Action fiction"
"s513","Animation"
"s7968","Self-help book"
"s7771","Action"
"s7771","Comedy"
"s7771","Adventure"
"s7771","Adventure fiction"
"s7771","Action fiction"
"s7771","Superhero fiction"
"s7771","Science fantasy"
"s328","Epic heroic writing"
"s3542","Shonen manga"
"s3542","Fantasy"
"s3542","Action manga"
"s5752","Mystery"
"s5752","Psychological thriller"
"s5752","Thriller"
"s804","Anime"
"s804","Drama"
"s804","Harem"
"s804","Comedy"
"s804","Romantic comedy"
"s804","Animation"
"s8087","True crime"
"s7769","Adventure"
"s7769","Fantasy"
"s7769","Superhero fiction"
"s7769","Tokusatsu"
"s7769","Adventure fiction"
"s7769","Action fiction"
"s7769","Science fantasy"
"s5133","Self-help book"
"s152","Seinen manga"
"s152","Action manga"
"s152","Human drama"
"s1150","Adventure fiction"
"s1150","Science fantasy"
"s320","Romance"
"s320","Comedic genres"
"s7598","Romance"
"s7598","Drama"
"s7598","Historical drama"
"s7598","Miniseries"
"s7598","Costume drama"
"s7841","Adolescence"
"s7841","Drama"
"s3264","Romance"
"s3264","Drama"
"s3264","Melodrama"
"s3264","Romantic comedy"
"s3264","Slice of life"
"s3264","Chivalric romance"
"s7711","Romance"
"s7711","Drama"
"s7711","Soap opera"
"s7913","Action"
"s7913","Drama"
"s7913","Police procedural"
"s7913","Crime fiction"
"s5096","Shonen manga"
"s7770","Comedy"
"s7770","Fantasy"
"s7770","Superhero fiction"
"s7770","Adventure fiction"
"s7770","Action fiction"
"s3277","Sport"
"s3277","Romance"
"s3277","Drama"
"s3277","Adolescence"
"s3277","Romantic comedy"
"s2400","Fantasy"
"s2400","Action manga"
"s2400","Comedy"
"s7785","Superhero fiction"
"s7785","Adventure fiction"
"s7785","Action fiction"
"s8499","Alternative rock"
"s8499","Pop rock"
"s8499","Alternative/Indie"
"s8499","R&B/Soul"
"s8499","Dance/Electronic"
"s658","Reality television"
"s658","Game show"
"s658","Mystery"
"s7783","Action"
"s7783","Science fiction"
"s7783","Adventure"
"s7783","Superhero fiction"
"s7783","Crime film"
"s7783","Adventure fiction"
"s8197","Treatise"
"s8197","Self-help book"
"s7767","Science fiction"
"s7767","Adventure"
"s7767","Fantasy"
"s7767","Thriller"
"s7767","Adventure fiction"
"s7767","Action fiction"
"s7767","Superhero fiction"
"s7767","Science fantasy"
"s6515","Mystery"
"s6515","Crime TV genre"
"s1640","Comedy drama"
"s2445","Shojo manga"
"s2445","Fantasy"
"s2445","Action manga"
"s2445","Science fiction comics"
"s7400","Novel"
"s7400","Fiction"
"s7400","Romance novel"
"s7400","Bildungsroman"
"s6302","Action"
"s6302","Science fiction"
"s6302","Adventure"
"s6302","Superhero fiction"
"s6302","MORE"
"s7178","Documentary"
"s7786","Superhero fiction"
"s7786","Adventure fiction"
"s7786","Science fantasy"
"s3725","Anime"
"s3725","Mecha Anime"
"s3725","Animated series"
"s3725","Thriller"
"s3725","MORE"
"s814","Comedy"
"s814","Adventure"
"s814","Fantasy"
"s814","Animated cartoon"
"s814","Animated series"
"s814","Slapstick"
"s814","Adventure fiction"
"s814","Action fiction"
"s814","Animation"
"s5132","Post-hardcore"
"s5132","Hardcore punk"
"s5132","Metalcore"
"s5132","Alternative rock"
"s5132","MORE"
"s7722","Comedy"
"s2741","Shonen manga"
"s2741","Action manga"
"s2741","Mythic fiction"
"s7879","Anime"
"s7879","Drama"
"s7879","Mecha"
"s7879","Science fiction"
"s7879","Space opera"
"s7879","Animation"
"s8232","Drama"
"s8232","Costume drama"
"s8232","Historical drama"
"s815","Rock"
"s815","Pop music"
"s815","Soul music"
"s815","Rhythm and blues"
"s815","Disco"
"s815","MORE"
"s530","Portrait"
"s6486","Romantic comedy"
"s6486","Drama"
"s8542","Science fiction"
"s8542","Anthology series"
"s8542","Horror fiction"
"s7333","Novel"
"s7333","Fiction"
"s7333","Erotic literature"
"s7333","Tragicomedy"
